"ID","MODOMICS code","Name","Reference NucleoBase","Short Name","SMILES","RNAMods code","Moiety type"
"2","05C","5,2'-O-dimethylcytidine","Cytidine","m5Cm","CO[C@H]1[C@H]([n]2c(=O)nc(N)c(C)c2)O[C@H](CO)[C@H]1O","τ","nucleoside"
"3","25U","5-methyl-2-thiouridine","Uridine","m5s2U","Cc1c[n]([C@@H]2O[C@H](CO)[C@@H](O)[C@H]2O)c(=S)[nH]c1=O","F","nucleoside"
"4","27G","N2,7-dimethylguanosine","Guanosine","m2,7G","CNc1nc(=O)c2c([n]([C@H]3[C@H](O)[C@H](O)[C@@H](CO)O3)c[n+]2C)n1","∨","nucleoside"
"5","621A","2-methylthio-N6-methyladenosine","Adenosine","ms2m6A","CNc1nc(SC)nc2c1nc[n]2[C@@H]1O[C@H](CO)[C@@H](O)[C@H]1O","∞","nucleoside"
"6","102G","epoxyqueuosine","Guanosine","oQ","Nc1[nH]c(=O)c2c([n]([C@H]3[C@H](O)[C@H](O)[C@@H](CO)O3)cc2CN[C@@H]2[C@@H](O)[C@@H](O)C3C2O3)n1","ς","nucleoside"
"7","74U","4-thiouridine","Uridine","s4U","OC[C@H]1O[C@@H]([n]2ccc(=S)[nH]c2=O)[C@H](O)[C@@H]1O","4","nucleoside"
"8","1309U","1-methyl-3-(3-amino-3-carboxypropyl)pseudouridine","Uridine","m1acp3Y","C[n]1c(=O)[n](CCC(C(=O)O)N)c(=O)c([C@H]2[C@H](O)[C@H](O)[C@@H](CO)O2)c1","α","nucleoside"
"9","4C","N4-methylcytidine","Cytidine","m4C","CNc1nc(=O)[n]([C@H]2[C@H](O)[C@H](O)[C@@H](CO)O2)cc1","ν","nucleoside"
"10","60A","N6-(cis-hydroxyisopentenyl)adenosine","Adenosine","io6A","CC(CO)=CCNc1ncnc2c1nc[n]2[C@@H]1O[C@H](CO)[C@@H](O)[C@H]1O","`","nucleoside"
"11","2540U","5-carboxymethyl-2-thiouridine","Uridine","cm5s2U","OC(Cc1c[n]([C@@H]2O[C@H](CO)[C@@H](O)[C@H]2O)c(=S)[nH]c1=O)=O","℘","nucleoside"
"12","5U","5-methyluridine","Uridine","m5U","Cc1c(=O)[nH]c(=O)[n]([C@H]2[C@H](O)[C@H](O)[C@@H](CO)O2)c1","T","nucleoside"
"13","22G","N2,N2-dimethylguanosine","Guanosine","m2,2G","CN(C)c1[nH]c(=O)c2nc[n]([C@@H]3O[C@H](CO)[C@@H](O)[C@H]3O)c2n1","R","nucleoside"
"14","8U","dihydrouridine","Uridine","D","OC[C@H]1O[C@@H](N2CCC(=O)NC2=O)[C@H](O)[C@@H]1O","D","nucleoside"
"15","44C","N4,N4-dimethylcytidine","Cytidine","m4,4C","CN(c1nc(=O)[n]([C@H]2[C@H](O)[C@H](O)[C@@H](CO)O2)cc1)C","μ","nucleoside"
"16","662A","N6-methyl-N6-threonylcarbamoyladenosine","Adenosine","m6t6A","C[C@H]([C@@H](C(=O)O)NC(Nc1c2c([n]([C@H]3[C@H](O)[C@H](O)[C@@H](CO)O3)cn2)ncn1)=O)O","E","nucleoside"
"17","58U","5-methyldihydrouridine","Uridine","m5D","CC1C(=O)NC(=O)N([C@H]2[C@H](O)[C@H](O)[C@@H](CO)O2)C1","ρ","nucleoside"
"18","5C","5-methylcytidine","Cytidine","m5C","Cc1c(N)nc(=O)[n]([C@H]2[C@H](O)[C@H](O)[C@@H](CO)O2)c1","?","nucleoside"
"19","63A","N6-hydroxynorvalylcarbamoyladenosine","Adenosine","hn6A","CCC(O)C(NC(Nc1ncnc2c1nc[n]2[C@@H]1O[C@H](CO)[C@@H](O)[C@H]1O)=O)C(O)=O","√","nucleoside"
"20","00A","2'-O-ribosyladenosine (phosphate)","Adenosine","Ar(p)","[O-]P(OC[C@H]1O[C@H]([C@@H]([C@@H]1O)O)O[C@@H]1[C@@H]([C@H](O[C@H]1[n]1c2[n]c[n]c(c2[n]c1)N)CO)O)(=O)[O-]","^","nucleoside"
"21","54U","5-taurinomethyluridine","Uridine","tm5U","OC[C@H]1O[C@@H]([n]2cc(CNCCS(O)(=O)=O)c(=O)[nH]c2=O)[C@H](O)[C@@H]1O","Ê","nucleoside"
"22","1G","1-methylguanosine","Guanosine","m1G","CN1C(=O)c2[n]c[n]([C@H]3[C@H](O)[C@H](O)[C@@H](CO)O3)c2N=C1N","K","nucleoside"
"23","051U","5-carboxymethylaminomethyl-2'-O-methyluridine","Uridine","cmnm5Um","CO[C@H]1[C@H]([n]2cc(CNCC(O)=O)c(=O)[nH]c2=O)O[C@H](CO)[C@H]1O",")","nucleoside"
"25","0X","unknown nucleoside 2'-O-methylated","Unknown","Xm","-","Î","nucleoside"
"26","19A","1-methylinosine","Adenosine","m1I","C[n]1c(=O)c2c([n]([C@H]3[C@H](O)[C@H](O)[C@@H](CO)O3)cn2)nc1","O","nucleoside"
"27","521U","5-methoxycarbonylmethyluridine","Uridine","mcm5U","COC(Cc1c(=O)[nH]c(=O)[n]([C@H]2[C@H](O)[C@H](O)[C@@H](CO)O2)c1)=O","1","nucleoside"
"28","0G","2'-O-methylguanosine","Guanosine","Gm","CO[C@H]1[C@H]([n]2cnc3c2nc(N)[nH]c3=O)O[C@H](CO)[C@H]1O","#","nucleoside"
"29","053U","5-carbamoylmethyl-2'-O-methyluridine","Uridine","ncm5Um","CO[C@H]1[C@H]([n]2cc(CC(N)=O)c(=O)[nH]c2=O)O[C@H](CO)[C@H]1O","~","nucleoside"
"30","3483G","wybutosine","Guanosine","yW","COC(NC(C(OC)=O)CCc1[n]2c([n](c3c(c2=O)nc[n]3[C@H]2[C@H](O)[C@H](O)[C@@H](CO)O2)C)nc1C)=O","Y","nucleoside"
"31","71C","5-formylcytidine","Cytidine","f5C","Nc1nc(=O)[n]([C@@H]2O[C@H](CO)[C@@H](O)[C@H]2O)cc1C=O",">","nucleoside"
"32","01A","1,2'-O-dimethyladenosine","Adenosine","m1Am","CO[C@H]1[C@H]([n]2c3nc[n](c(=N)c3nc2)C)O[C@H](CO)[C@H]1O","œ","nucleoside"
"33","019A","1,2'-O-dimethylinosine","Adenosine","m1Im","CO[C@H]1[C@H]([n]2c3nc[n](c(=O)c3nc2)C)O[C@H](CO)[C@H]1O","ξ","nucleoside"
"34","00G","2'-O-ribosylguanosine (phosphate)","Guanosine","Gr(p)","Nc1[nH]c(=O)c2c([n]([C@H]3[C@H](O[C@H]4[C@H](O)[C@H](O)[C@@H](COP(=O)([O-])[O-])O4)[C@H](O)[C@@H](CO)O3)cn2)n1","ℑ","nucleoside"
"35","2510U","5-aminomethyl-2-thiouridine","Uridine","nm5s2U","NCc1c[n]([C@@H]2O[C@H](CO)[C@@H](O)[C@H]2O)c(=S)[nH]c1=O","∫","nucleoside"
"36","2G","N2-methylguanosine","Guanosine","m2G","CNc1[nH]c(=O)c2nc[n]([C@@H]3O[C@H](CO)[C@@H](O)[C@H]3O)c2n1","L","nucleoside"
"37","2A","2-methyladenosine","Adenosine","m2A","Cc1nc2c(nc[n]2[C@H]2[C@H](O)[C@H](O)[C@@H](CO)O2)c(N)n1","/","nucleoside"
"38","G","guanosine","Guanosine","G","Nc1[nH]c(=O)c2nc[n]([C@@H]3O[C@H](CO)[C@@H](O)[C@H]3O)c2n1","G","nucleoside"
"39","04C","N4,2'-O-dimethylcytidine","Cytidine","m4Cm","CO[C@H]1[C@H]([n]2ccc(NC)nc2=O)O[C@H](CO)[C@H]1O","Λ","nucleoside"
"40","022G","N2,N2,2'-O-trimethylguanosine","Guanosine","m2,2Gm","CN(C)c1[nH]c(=O)c2nc[n]([C@@H]3O[C@H](CO)[C@@H](O)[C@H]3OC)c2n1","|","nucleoside"
"41","66A","N6,N6-dimethyladenosine","Adenosine","m6,6A","CN(C)c1ncnc2c1nc[n]2[C@@H]1O[C@H](CO)[C@@H](O)[C@H]1O","ζ","nucleoside"
"42","105G","glutamyl-queuosine","Guanosine","gluQ","NC(C(O[C@@H]1[C@@H](NCc2c3c(nc(nc3=O)N)[n]([C@H]3[C@H](O)[C@H](O)[C@@H](CO)O3)c2)C=C[C@@H]1O)=O)CCC(=O)O","⊄","nucleoside"
"43","53U","5-carbamoylmethyluridine","Uridine","ncm5U","NC(Cc1c(=O)[nH]c(=O)[n]([C@H]2[C@H](O)[C@H](O)[C@@H](CO)O2)c1)=O","&","nucleoside"
"44","52U","5-carboxymethyluridine","Uridine","cm5U","OC[C@@H]1[C@@H](O)[C@@H](O)[C@H]([n]2c(=O)[nH]c(=O)c(CC(=O)O)c2)O1","◊","nucleoside"
"45","251U","5-carboxymethylaminomethyl-2-thiouridine","Uridine","cmnm5s2U","OC(CNCc1c[n]([C@@H]2O[C@H](CO)[C@@H](O)[C@H]2O)c(=S)[nH]c1=O)=O","$","nucleoside"
"46","C","cytidine","Cytidine","C","Nc1nc(=O)[n]([C@H]2[C@H](O)[C@H](O)[C@@H](CO)O2)cc1","C","nucleoside"
"47","502U","uridine 5-oxyacetic acid","Uridine","cmo5U","OC[C@@H]1[C@@H](O)[C@@H](O)[C@H]([n]2c(=O)[nH]c(=O)c(OCC(=O)O)c2)O1","V","nucleoside"
"48","39U","3-methylpseudouridine","Uridine","m3Y","C[n]1c(=O)c([C@H]2[C@H](O)[C@H](O)[C@@H](CO)O2)c[nH]c1=O","Κ","nucleoside"
"49","3U","3-methyluridine","Uridine","m3U","C[n]1c(=O)[n]([C@@H]2O[C@H](CO)[C@@H](O)[C@H]2O)ccc1=O","δ","nucleoside"
"50","0U","2'-O-methyluridine","Uridine","Um","CO[C@H]1[C@H]([n]2ccc(=O)[nH]c2=O)O[C@H](CO)[C@H]1O","J","nucleoside"
"51","2161A","2-methylthio-N6-isopentenyladenosine","Adenosine","ms2i6A","CC(C)=CCNc1nc(SC)nc2c1nc[n]2[C@@H]1O[C@H](CO)[C@@H](O)[C@H]1O","*","nucleoside"
"52","3C","3-methylcytidine","Cytidine","m3C","C[n+]1c(N)cc[n]([C@@H]2O[C@H](CO)[C@@H](O)[C@H]2O)c1=O","'","nucleoside"
"54","2051U","5-carboxymethylaminomethyl-2-selenouridine","Uridine","cmnm5se2U","OC(CNCc1c[n]([C@@H]2O[C@H](CO)[C@@H](O)[C@H]2O)c(=[Se])[nH]c1=O)=O","⊥","nucleoside"
"55","2162A","2-methylthio-N6-threonylcarbamoyladenosine","Adenosine","ms2t6A","CC(O)C(NC(Nc1nc(SC)nc2c1nc[n]2[C@@H]1O[C@H](CO)[C@@H](O)[C@H]1O)=O)C(O)=O","[","nucleoside"
"56","61A","N6-isopentenyladenosine","Adenosine","i6A","CC(C)=CCNc1ncnc2c1nc[n]2[C@@H]1O[C@H](CO)[C@@H](O)[C@H]1O","+","nucleoside"
"57","03U","3,2'-O-dimethyluridine","Uridine","m3Um","C[n]1c(=O)cc[n]([C@@H]2O[C@H](CO)[C@@H](O)[C@H]2OC)c1=O","σ","nucleoside"
"58","503U","uridine 5-oxyacetic acid methyl ester","Uridine","mcmo5U","COC(COc1c[n](C2O[C@H](CO)[C@@H](O)[C@H]2O)c(=O)[nH]c1=O)=O","υ","nucleoside"
"59","342G","methylwyosine","Guanosine","mimG","Cc1c(C)[n]2c([n](c3c(c2=O)nc[n]3[C@H]2[C@H](O)[C@H](O)[C@@H](CO)O2)C)n1","∑","nucleoside"
"60","U","uridine","Uridine","U","OC[C@H]1O[C@@H]([n]2ccc(=O)[nH]c2=O)[C@H](O)[C@@H]1O","U","nucleoside"
"61","101000G","7-aminomethyl-7-carbaguanine","Guanosine","preQ1base","Nc1[nH]c(=O)c2c([nH]cc2CN)n1","∇","base"
"62","20510U","5-aminomethyl-2-selenouridine","Uridine","nm5se2U","NCc1c[n]([C@@H]2O[C@H](CO)[C@@H](O)[C@H]2O)c(=[Se])[nH]c1=O","π","nucleoside"
"63","01G","1,2'-O-dimethylguanosine","Guanosine","m1Gm","CO[C@H]1[C@H]([n]2c3nc([n](c(=O)c3nc2)C)N)O[C@H](CO)[C@H]1O","ε","nucleoside"
"64","50U","5-hydroxyuridine","Uridine","ho5U","OC[C@@H]1[C@@H](O)[C@@H](O)[C@H]([n]2c(=O)[nH]c(=O)c(O)c2)O1","∝","nucleoside"
"65","10G","queuosine","Guanosine","Q","Nc1[nH]c(=O)c2c([n]([C@H]3[C@H](O)[C@H](O)[C@@H](CO)O3)cc2CN[C@@H]2[C@@H](O)[C@@H](O)C=C2)n1","Q","nucleoside"
"66","?G","unknown modified guanosine","Guanosine","xG","-",";","nucleoside"
"68","2521U","5-methoxycarbonylmethyl-2-thiouridine","Uridine","mcm5s2U","COC(Cc1c[n]([C@@H]2O[C@H](CO)[C@@H](O)[C@H]2O)c(=S)[nH]c1=O)=O","3","nucleoside"
"69","044C","N4,N4,2'-O-trimethylcytidine","Cytidine","m4,4Cm","CO[C@H]1[C@H]([n]2c(=O)nc(N(C)C)cc2)O[C@H](CO)[C@H]1O","β","nucleoside"
"70","?C","unknown modified cytidine","Cytidine","xC","-","<","nucleoside"
"71","47G","7-aminocarboxypropyl-demethylwyosine","Guanosine","yW-86","Cc1nc2[nH]c3c(c(=O)[n]2c1CCC(N)C(O)=O)nc[n]3[C@@H]1O[C@H](CO)[C@@H](O)[C@H]1O","¥","nucleoside"
"72","?A","unknown modified adenosine","Adenosine","xA","","H","nucleoside"
"73","520U","5-carboxyhydroxymethyluridine","Uridine","chm5U","OC[C@@H]1[C@@H](O)[C@@H](O)[C@H]([n]2c(=O)[nH]c(=O)c(C(C(=O)O)O)c2)O1","≥","nucleoside"
"74","501U","5-methoxyuridine","Uridine","mo5U","COc1c(=O)[nH]c(=O)[n]([C@H]2[C@H](O)[C@H](O)[C@@H](CO)O2)c1","5","nucleoside"
"75","30U","3-(3-amino-3-carboxypropyl)uridine","Uridine","acp3U","NC(CC[n]1c(=O)[n]([C@@H]2O[C@H](CO)[C@@H](O)[C@H]2O)ccc1=O)C(O)=O","X","nucleoside"
"76","?U","unknown modified uridine","Uridine","xU","-","N","nucleoside"
"77","347G","7-aminocarboxypropylwyosine","Guanosine","yW-72","C[n]1c2c(nc[n]2[C@@H]2O[C@H](CO)[C@@H](O)[C@H]2O)c(=O)[n]2c1nc(C)c2CCC(N)C(O)=O","Ω","nucleoside"
"78","20511U","5-methylaminomethyl-2-selenouridine","Uridine","mnm5se2U","CNCc1c[n]([C@@H]2O[C@H](CO)[C@@H](O)[C@H]2O)c(=[Se])[nH]c1=O","≅","nucleoside"
"79","2163A","2-methylthio-N6-hydroxynorvalylcarbamoyladenosine","Adenosine","ms2hn6A","CCC(O)C(NC(Nc1nc(SC)nc2c1nc[n]2[C@@H]1O[C@H](CO)[C@@H](O)[C@H]1O)=O)C(O)=O","≈","nucleoside"
"80","0521U","5-methoxycarbonylmethyl-2'-O-methyluridine","Uridine","mcm5Um","CO[C@H]1[C@H]([n]2c(=O)[nH]c(=O)c(CC(OC)=O)c2)O[C@H](CO)[C@H]1O","∩","nucleoside"
"81","42C","N4-acetylcytidine","Cytidine","ac4C","CC(Nc1nc(=O)[n]([C@H]2[C@H](O)[C@H](O)[C@@H](CO)O2)cc1)=O","M","nucleoside"
"82","06A","N6,2'-O-dimethyladenosine","Adenosine","m6Am","CO[C@H]1[C@H]([n]2cnc3c2ncnc3NC)O[C@H](CO)[C@H]1O","χ","nucleoside"
"83","1A","1-methyladenosine","Adenosine","m1A","C[n]1c(=N)c2c([n]([C@H]3[C@H](O)[C@H](O)[C@@H](CO)O3)cn2)nc1","""","nucleoside"
"84","0C","2'-O-methylcytidine","Cytidine","Cm","CO[C@H]1[C@H]([n]2ccc(N)nc2=O)O[C@H](CO)[C@H]1O","B","nucleoside"
"85","522U","5-(carboxyhydroxymethyl)uridine methyl ester","Uridine","mchm5U","COC(C(c1c(=O)[nH]c(=O)[n]([C@H]2[C@H](O)[C@H](O)[C@@H](CO)O2)c1)O)=O",",","nucleoside"
"86","104G","galactosyl-queuosine","Guanosine","galQ","Nc1[nH]c(=O)c2c([n]([C@H]3[C@H](O)[C@H](O)[C@@H](CO)O3)cc2CN[C@@H]2[C@@H](O[C@H]3C(O)[C@H](O)[C@@H](O)C(CO)O3)[C@@H](O)C=C2)n1","9","nucleoside"
"87","51U","5-carboxymethylaminomethyluridine","Uridine","cmnm5U","OC[C@@H]1[C@@H](O)[C@@H](O)[C@H]([n]2c(=O)[nH]c(=O)c(CNCC(=O)O)c2)O1","!","nucleoside"
"88","19U","1-methylpseudouridine","Uridine","m1Y","C[n]1c(=O)[nH]c(=O)c([C@H]2[C@H](O)[C@H](O)[C@@H](CO)O2)c1","]","nucleoside"
"89","42G","isowyosine","Guanosine","imG2","Cc1nc2[nH]c3c(c(=O)[n]2c1C)nc[n]3[C@@H]1O[C@H](CO)[C@@H](O)[C@H]1O","⊇","nucleoside"
"90","106G","mannosyl-queuosine","Guanosine","manQ","Nc1nc(=O)c2c([n]([C@H]3[C@H](O)[C@H](O)[C@@H](CO)O3)cc2CN[C@@H]2[C@@H](O[C@H]3C(O)[C@H](O)[C@H](O)C(CO)O3)[C@@H](O)C=C2)n1","8","nucleoside"
"91","254U","5-taurinomethyl-2-thiouridine","Uridine","tm5s2U","OC[C@H]1O[C@@H]([n]2cc(CNCCS(O)(=O)=O)c(=O)[nH]c2=S)[C@H](O)[C@@H]1O","∃","nucleoside"
"92","2C","2-thiocytidine","Cytidine","s2C","Nc1nc(=S)[n]([C@H]2[C@H](O)[C@H](O)[C@@H](CO)O2)cc1","%","nucleoside"
"93","3470G","undermodified hydroxywybutosine","Guanosine","OHyWx","C[n]1c2c(nc[n]2[C@@H]2O[C@H](CO)[C@@H](O)[C@H]2O)c(=O)[n]2c1nc(C)c2CC(O)C(N)C(O)=O","š","nucleoside"
"94","20U","2-selenouridine","Uridine","se2U","O[C@H]1[C@H]([n]2ccc(=O)[nH]c2=[Se])O[C@H](CO)[C@H]1O","ω","nucleoside"
"95","100000G","7-cyano-7-carbaguanine","Guanosine","preQ0base","Nc1[nH]c(=O)c2c(c[nH]c2n1)C#N","ψ","base"
"96","6A","N6-methyladenosine","Adenosine","m6A","CNc1ncnc2c1nc[n]2[C@@H]1O[C@H](CO)[C@@H](O)[C@H]1O","=","nucleoside"
"97","34830G","hydroxywybutosine","Guanosine","OHyW","C[n]1c2c(nc[n]2[C@@H]2O[C@H](CO)[C@@H](O)[C@H]2O)c(=O)[n]2c1nc(C)c2CC(O)C(NC(OC)=O)C(OC)=O","⊆","nucleoside"
"98","X","unknown modification","Unknown","xX","-","@","nucleoside"
"99","103G","archaeosine","Guanosine","G+","Nc1[nH]c(=O)c2c(c[n]([C@@H]3O[C@H](CO)[C@@H](O)[C@H]3O)c2n1)C(N)=N","(","nucleoside"
"100","2U","2-thiouridine","Uridine","s2U","O[C@H]1[C@H]([n]2ccc(=O)[nH]c2=S)O[C@H](CO)[C@H]1O","2","nucleoside"
"101","21C","2-lysidine","Cytidine","k2C","N[C@H](C(=O)O)CCCCN=c1[n]([C@H]2[C@H](O)[C@H](O)[C@@H](CO)O2)ccc(N)n1","}","nucleoside"
"102","02G","N2,2'-O-dimethylguanosine","Guanosine","m2Gm","CO[C@H]1[C@H]([n]2cnc3c2nc([nH]c3=O)NC)O[C@H](CO)[C@H]1O","γ","nucleoside"
"103","09U","2'-O-methylpseudouridine","Uridine","Ym","CO[C@H]1[C@H](c2c[nH]c(=O)[nH]c2=O)O[C@H](CO)[C@H]1O","Ζ","nucleoside"
"104","071C","5-formyl-2'-O-methylcytidine","Cytidine","f5Cm","CO[C@H]1[C@H]([n]2cc(C=O)c(N)nc2=O)O[C@H](CO)[C@H]1O","°","nucleoside"
"105","10000G","queuine","Guanosine","Qbase","NC1NC(=O)c2c(c[nH]c2N=1)CN[C@@H]1[C@@H](O)[C@@H](O)C=C1","∴","base"
"106","042C","N4-acetyl-2'-O-methylcytidine","Cytidine","ac4Cm","CO[C@H]1[C@H]([n]2c(=O)nc(NC(=O)C)cc2)O[C@H](CO)[C@H]1O","ℵ","nucleoside"
"108","4G","4-demethylwyosine","Guanosine","imG-14","Cc1c[n]2c(c3nc[n]([C@@H]4O[C@H](CO)[C@@H](O)[C@H]4O)c3[nH]c2n1)=O","†","nucleoside"
"109","A","adenosine","Adenosine","A","Nc1ncnc2c1nc[n]2[C@@H]1O[C@H](CO)[C@@H](O)[C@H]1O","A","nucleoside"
"110","2511U","5-methylaminomethyl-2-thiouridine","Uridine","mnm5s2U","CNCc1c[n]([C@@H]2O[C@H](CO)[C@@H](O)[C@H]2O)c(=S)[nH]c1=O","S","nucleoside"
"111","227G","N2,N2,7-trimethylguanosine","Guanosine","m2,2,7G","CN(c1nc(=O)c2c([n]([C@H]3[C@H](O)[C@H](O)[C@@H](CO)O3)c[n+]2C)n1)C","∠","nucleoside"
"112","348G","7-aminocarboxypropylwyosine methyl ester","Guanosine","yW-58","C[n]1c2nc(C)c(CCC(N)C(OC)=O)[n]2c(=O)c2nc[n]([C@@H]3O[C@H](CO)[C@@H](O)[C@H]3O)c12","⇑","nucleoside"
"113","9A","inosine","Adenosine","I","OC[C@@H]1[C@@H](O)[C@@H](O)[C@H]([n]2c3nc[nH]c(=O)c3nc2)O1","I","nucleoside"
"114","65A","N6-glycinylcarbamoyladenosine","Adenosine","g6A","OC(CNC(Nc1ncnc2c1nc[n]2[C@@H]1O[C@H](CO)[C@@H](O)[C@H]1O)=O)=O","≡","nucleoside"
"115","510U","5-aminomethyluridine","Uridine","nm5U","NCc1c(=O)[nH]c(=O)[n]([C@H]2[C@H](O)[C@H](O)[C@@H](CO)O2)c1","∪","nucleoside"
"116","7G","7-methylguanosine","Guanosine","m7G","[C@@H]1([n]2c[n+](C)c3c2nc(nc3=O)N)O[C@H](CO)[C@@H](O)[C@H]1O","7","nucleoside"
"117","02U","2-thio-2'-O-methyluridine","Uridine","s2Um","CO[C@H]1[C@H]([n]2ccc(=O)[nH]c2=S)O[C@H](CO)[C@H]1O","∏","nucleoside"
"118","9U","pseudouridine","Uridine","Y","OC[C@H]1O[C@@H](c2c[nH]c(=O)[nH]c2=O)[C@H](O)[C@@H]1O","P","nucleoside"
"119","51C","5-hydroxymethylcytidine","Cytidine","hm5C","Nc1nc(=O)[n]([C@@H]2O[C@H](CO)[C@@H](O)[C@H]2O)cc1CO","∅","nucleoside"
"120","100G","7-cyano-7-deazaguanosine","Guanosine","preQ0","Nc1[nH]c(=O)c2c(c[n]([C@@H]3O[C@H](CO)[C@@H](O)[C@H]3O)c2n1)C#N","φ","nucleoside"
"121","34832G","peroxywybutosine","Guanosine","o2yW","C[n]1c2c(nc[n]2[C@@H]2O[C@H](CO)[C@@H](O)[C@H]2O)c(=O)[n]2c1nc(C)c2CC(OO)C(NC(OC)=O)C(OC)=O","W","nucleoside"
"122","05U","5,2'-O-dimethyluridine","Uridine","m5Um","CO[C@H]1[C@H]([n]2c(=O)[nH]c(=O)c(C)c2)O[C@H](CO)[C@H]1O","\","nucleoside"
"123","101G","7-aminomethyl-7-deazaguanosine","Guanosine","preQ1","Nc1[nH]c(=O)c2c(CN)c[n]([C@@H]3O[C@H](CO)[C@@H](O)[C@H]3O)c2n1","∉","nucleoside"
"124","066A","N6,N6,2'-O-trimethyladenosine","Adenosine","m6,6Am","CN(C)c1ncnc2c1nc[n]2[C@@H]1O[C@H](CO)[C@@H](O)[C@H]1OC","η","nucleoside"
"125","64A","N6-acetyladenosine","Adenosine","ac6A","CC(Nc1ncnc2c1nc[n]2[C@@H]1O[C@H](CO)[C@@H](O)[C@H]1O)=O","⇓","nucleoside"
"126","2160A","2-methylthio-N6-(cis-hydroxyisopentenyl) adenosine","Adenosine","ms2io6A","CC(CO)=CCNc1nc(SC)nc2c1nc[n]2[C@@H]1O[C@H](CO)[C@@H](O)[C@H]1O","≠","nucleoside"
"127","0A","2'-O-methyladenosine","Adenosine","Am","CO[C@H]1[C@H]([n]2cnc3c2ncnc3N)O[C@H](CO)[C@H]1O",":","nucleoside"
"128","09A","2'-O-methylinosine","Adenosine","Im","CO[C@H]1[C@H]([n]2cnc3c2nc[nH]c3=O)O[C@H](CO)[C@H]1O","≤","nucleoside"
"129","511U","5-methylaminomethyluridine","Uridine","mnm5U","CNCc1c(=O)[nH]c(=O)[n]([C@H]2[C@H](O)[C@H](O)[C@@H](CO)O2)c1","{","nucleoside"
"130","62A","N6-threonylcarbamoyladenosine","Adenosine","t6A","CC(O)C(N)C(NC(Nc1ncnc2c1nc[n]2[C@@H]1O[C@H](CO)[C@@H](O)[C@H]1O)=O)=O","6","nucleoside"
"131","8A","8-methyladenosine","Adenosine","m8A","Cc1nc2c(N)ncnc2[n]1[C@@H]1O[C@H](CO)[C@@H](O)[C@H]1O","â","nucleoside"
"132","79553N","N7-methyl-guanosine cap (cap 0)","Adenosine, Uridine, Cytidine, Guanosine","m7GpppN","C[n+]1c[n]([C@@H]2O[C@H](COP([O-])(OP([O-])(OP([O-])(OC[C@H]3O[C@@H]%91[C@H](O)[C@@H]3O)=O)=O)=O)[C@@H](O)[C@H]2O)c2c1c(nc(N)[nH]2)=O.[*]%91","©","nucleotide"
"133","279553N","N2,7-dimethylguanosine cap (cap DMG)","Adenosine, Uridine, Cytidine, Guanosine","m2,7GpppN","CNc1nc(=O)c2c([n](c[n+]2C)[C@@H]2O[C@H](COP([O-])(OP([O-])(OP([O-])(OC[C@H]3O[C@@H]%91[C@H](O)[C@@H]3O)=O)=O)=O)[C@@H](O)[C@H]2O)[nH]1.[*]%91","®","nucleotide"
"134","2279553N","N2,N2,7-trimethylguanosine cap (cap TMG)","Adenosine, Uridine, Cytidine, Guanosine","m2,2,7GpppN","CN(C)c1nc(=O)c2c([n](c[n+]2C)[C@@H]2O[C@H](COP([O-])(OP([O-])(OP([O-])(OC[C@H]3O[C@@H]%91[C@H](O)[C@@H]3O)=O)=O)=O)[C@@H](O)[C@H]2O)[nH]1.[*]%91","¶","nucleotide"
"135","1553N","gamma-methyltriphosphate 5' cap","Adenosine, Uridine, Cytidine, Guanosine","mpppN","COP([O-])(OP([O-])(OP([O-])(OC[C@H]1O[C@@H]%91[C@H](O)[C@@H]1O)=O)=O)=O.[*]%91","§","nucleotide"
"136","28A","2,8-dimethyladenosine","Adenosine","m2,8A","Cc1nc2c(N)nc(C)nc2[n]1[C@@H]1O[C@H](CO)[C@@H](O)[C@H]1O","±","nucleoside"
"137","308U","3-(3-amino-3-carboxypropyl)-5,6-dihydrouridine","Uridine","acp3D","NC(CCN1C(=O)N([C@@H]2O[C@H](CO)[C@@H](O)[C@H]2O)CCC1=O)C(O)=O","Ð","nucleoside"
"138","309U","3-(3-amino-3-carboxypropyl)pseudouridine","Uridine","acp3Y","NC(C(=O)O)CC[n]1c(=O)c([C@H]2[C@H](O)[C@H](O)[C@@H](CO)O2)c[nH]c1=O","Þ","nucleoside"
"139","34G","wyosine","Guanosine","imG","C[n]1c2c(nc[n]2[C@@H]2O[C@H](CO)[C@@H](O)[C@H]2O)c(=O)[n]2cc(C)nc12","€","nucleoside"
"140","N","any ribonucleoside residue","Adenosine, Cytidine, Guanosine, Uridine","N","",".","nucleoside"
"141","20C","agmatidine","Cytidine","C+","NC(NCCCCNc1nc(=N)cc[n]1[C@@H]1O[C@H](CO)[C@@H](O)[C@H]1O)=N","¿","nucleoside"
"142","027G","N2,7,2'-O-trimethylguanosine","Guanosine","m2,7Gm","[C@H]1([n]2c[n+](C)c3c2nc(nc3=O)NC)[C@H](OC)[C@H](O)[C@@H](CO)O1","æ","nucleoside"
"143","50C","5-hydroxycytidine","Cytidine","ho5C","Nc1nc(=O)[n]([C@@H]2O[C@H](CO)[C@@H](O)[C@H]2O)cc1O","Ç","nucleoside"
"144","583U","5-(isopentenylaminomethyl)uridine","Uridine","inm5U","CC(=CCNCc1c(=O)[nH]c(=O)[n]([C@H]2[C@H](O)[C@H](O)[C@@H](CO)O2)c1)C","¾","nucleoside"
"145","0583U","5-(isopentenylaminomethyl)-2'-O-methyluridine","Uridine","inm5Um","CO[C@H]1[C@H]([n]2c(=O)[nH]c(=O)c(CNCC=C(C)C)c2)O[C@H](CO)[C@H]1O","¼","nucleoside"
"146","2583U","5-(isopentenylaminomethyl)-2-thiouridine","Uridine","inm5s2U","CC(=CCNCc1c(=O)[nH]c(=S)[n]([C@H]2[C@H](O)[C@H](O)[C@@H](CO)O2)c1)C","½","nucleoside"
"147","553N","5' triphosphate end","Adenosine, Uridine, Cytidine, Guanosine","pppN","O[C@@H]1[C@H](O)[C@@H](COP([O-])(OP([O-])(OP([O-])([O-])=O)=O)=O)O[C@@H]%911.[*]%91","ϖ","nucleotide"
"148","9553N","guanosine triphosphate 5' cap (cap G)","Adenosine, Uridine, Cytidine, Guanosine","GpppN","Nc1nc(=O)c2c([n](cn2)[C@@H]2O[C@H](COP([O-])(OP([O-])(OP([O-])(OC[C@H]3O[C@@H]%91[C@H](O)[C@@H]3O)=O)=O)=O)[C@@H](O)[C@H]2O)[nH]1.[*]%91","ϑ","nucleotide"
"149","455N","5' (3' -dephospho-CoA)","Adenosine, Uridine, Cytidine, Guanosine","CoApN","CC(C)(COP([O-])(OP([O-])(OC[C@H]1O[C@@H]([n]2cnc3c(N)ncnc23)[C@H](O)[C@@H]1OP([O-])(OC[C@H]1O[C@@H]%91[C@H](O)[C@@H]1O)=O)=O)=O)C(O)C(NCCC(NCCS)=O)=O.[*]%91","♠","nucleotide"
"150","4155N","5' (3' -dephosphoacetyl-CoA)","Adenosine, Uridine, Cytidine, Guanosine","acCoApN","CC(SCCNC(CCNC(C(O)C(C)(C)COP([O-])(OP([O-])(OC[C@H]1O[C@@H]([n]2cnc3c(N)ncnc23)[C@H](O)[C@@H]1OP([O-])(OC[C@H]1O[C@@H]%91[C@H](O)[C@@H]1O)=O)=O)=O)=O)=O)=O.[*]%91","♣","nucleotide"
"151","4255N","5' (3' -dephosphomalonyl-CoA)","Adenosine, Uridine, Cytidine, Guanosine","malonyl-CoApN","CC(C)(COP([O-])(OP([O-])(OC[C@H]1O[C@@H]([n]2cnc3c(N)ncnc23)[C@H](O)[C@@H]1OP([O-])(OC[C@H]1O[C@@H]%91[C@H](O)[C@@H]1O)=O)=O)=O)C(O)C(NCCC(NCCSC(CC(O)=O)=O)=O)=O.[*]%91","♥","nucleotide"
"152","4355N","5' (3' -dephosphosuccinyl-CoA)","Adenosine, Uridine, Cytidine, Guanosine","succinyl-CoApN","CC(C)(COP([O-])(OP([O-])(OC[C@H]1O[C@@H]([n]2cnc3c(N)ncnc23)[C@H](O)[C@@H]1OP([O-])(OC[C@H]1O[C@@H]%91[C@H](O)[C@@H]1O)=O)=O)=O)C(O)C(NCCC(NCCSC(CCC(O)=O)=O)=O)=O.[*]%91","♦","nucleotide"
"153","552N","5' diphosphate end","Adenosine, Uridine, Cytidine, Guanosine","ppN","O[C@H]1[C@H]%91O[C@H](COP(OP(=O)([O-])[O-])(=O)[O-])[C@H]1O.[*]%91","ϒ","nucleotide"
"154","255N","5' nicotinamide adenine dinucleotide","Adenosine, Uridine, Cytidine, Guanosine","NADpN","NC(c1ccc[n+]([C@@H]2O[C@H](COP([O-])(OP([O-])(OC[C@H]3O[C@@H]([n]4cnc5c(N)ncnc45)[C@H](O)[C@@H]3OP([O-])(OC[C@H]3O[C@@H]%91[C@H](O)[C@@H]3O)=O)=O)=O)[C@@H](O)[C@H]2O)c1)=O.[*]%91","Ξ","nucleotide"
"160","3480G","methylated undermodified hydroxywybutosine","Guanosine","OHyWy","C[n]1c2nc(C)c(CC(O)C(N)C(OC)=O)[n]2c(=O)c2nc[n]([C@@H]3O[C@H](CO)[C@@H](O)[C@H]3O)c12","y","nucleoside"
"161","551G551N","guanosine added to any ribonucleotide","Adenosine, Cytidine, Guanosine, Uridine","pG(pN)","Nc1[nH]c2c(nc[n]2[C@H]2[C@H](O)[C@H](OP(OC[C@@H]3[C@@H](O)[C@@H](O)[C@H]%91O3)(=O)[O-])[C@@H](COP(=O)([O-])[O-])O2)c(=O)n1.[*]%91","","nucleotide"
"162","253U","5-carbamoylmethyl-2-thiouridine","Uridine","ncm5s2U","NC(Cc1c[n]([C@@H]2O[C@H](CO)[C@@H](O)[C@H]2O)c(=S)[nH]c1=O)=O","l","nucleoside"
"163","531U","5-carbamoylhydroxymethyluridine","Uridine","nchm5U","NC(C(O)c1c[n]([C@@H]2O[C@H](CO)[C@@H](O)[C@H]2O)c(=O)[nH]c1=O)=O","r","nucleoside"
"164","0522U","5-(carboxyhydroxymethyl)-2'-O-methyluridine methyl ester","Uridine","mchm5Um","COC(C(O)c1c[n]([C@@H]2O[C@H](CO)[C@@H](O)[C@H]2OC)c(=O)[nH]c1=O)=O","b","nucleoside"
"165","551N","unknown 5' monophosphate ribonucleotide","Adenosine, Uridine, Cytidine, Guanosine","pN","O[C@@H]1[C@H](O)[C@@H](COP([O-])([O-])=O)O[C@@H]%911.[*]%91","m","nucleotide"
"166","21U","2-geranylthiouridine","Uridine","ges2U","CC(C)=CCC/C(/C)=C/CSc1nc(=O)cc[n]1[C@@H]1O[C@H](CO)[C@@H](O)[C@H]1O","Γ","nucleoside"
"167","2151U","5-carboxymethylaminomethyl-2-geranylthiouridine","Uridine","cmnm5ges2U","CC(C)=CCC/C(/C)=C/CSc1nc(=O)c(CNCC(O)=O)c[n]1[C@@H]1O[C@H](CO)[C@@H](O)[C@H]1O","f","nucleoside"
"168","21511U","5-methylaminomethyl-2-geranylthiouridine","Uridine","mnm5ges2U","CC(C)=CCC/C(/C)=C/CSc1nc(=O)c(CNC)c[n]1[C@@H]1O[C@H](CO)[C@@H](O)[C@H]1O","h","nucleoside"
"169","21510U","5-aminomethyl-2-geranylthiouridine","Uridine","nm5ges2U","CC(C)=CCC/C(/C)=C/CSc1nc(=O)c(CN)c[n]1[C@@H]1O[C@H](CO)[C@@H](O)[C@H]1O","Δ","nucleoside"
"170","2551N","alpha-dimethylmonophosphate 5' cap","Adenosine, Uridine, Cytidine, Guanosine","mmpN","COP(OC)(OC[C@H]1O[C@@H]%91[C@H](O)[C@@H]1O)=O.[*]%91","","nucleotide"
"171","1551N","alpha-methylmonophosphate 5' cap","Adenosine, Uridine, Cytidine, Guanosine","mpN","COP([O-])(OC[C@H]1O[C@@H]%91[C@H](O)[C@@H]1O)=O.[*]%91","","nucleotide"
"173","550N","5' hydroxyl end","Adenosine, Uridine, Cytidine, Guanosine","5'-OH-N","","","nucleoside"
"174","3377N","2'3'-cyclic phosphate end","Adenosine, Uridine, Cytidine, Guanosine","N2'3'cp","[O-]P([O-])(OC[C@H]1O[C@@H]%91[C@@H]2OP([O-])(O[C@H]12)=O)=O.[*]%91","","nucleotide"
"175","69A","cyclic N6-threonylcarbamoyladenosine","Adenosine","ct6A","CC(O)C1NC(=Nc2ncnc3c2nc[n]3[C@@H]2O[C@H](CO)[C@@H](O)[C@H]2O)OC1=O","e","nucleoside"
"176","68A","N6-hydroxymethyladenosine","Adenosine","hm6A","O[C@H]1[C@H]([n]2cnc3c(NCO)ncnc23)O[C@H](CO)[C@H]1O","Ϫ","nucleoside"
"177","67A","N6-formyladenosine","Adenosine","f6A","OC[C@H]1O[C@@H]([n]2cnc3c(NC=O)ncnc23)[C@H](O)[C@@H]1O","Ϩ","nucleoside"
"178","55U","5-cyanomethyluridine","Uridine","cnm5U","N#CCc1c[n]([C@@H]2O[C@H](CO)[C@@H](O)[C@H]2O)c(=O)[nH]c1=O","Ѷ","nucleoside"
"179","0503U","2'-O-methyluridine 5-oxyacetic acid methyl ester","Uridine","mcmo5Um","COC(COc1c[n]([C@@H]2O[C@H](CO)[C@@H](O)[C@H]2OC)c(=O)[nH]c1=O)=O","Ͽ","nucleoside"
"180","2164A","2-methylthio cyclic N6-threonylcarbamoyladenosine","Adenosine","ms2ct6A","CSc1nc2c(nc[n]2[C@H]2[C@H](O)[C@H](O)[C@@H](CO)O2)c(C2C(=O)[C@H]([C@H](O)C)NC2=O)n1","ÿ","nucleoside"
"181","2165A","hydroxy-N6-threonylcarbamoyladenosine","Adenosine","ht6A","OC(C(NC(Nc1ncnc2c1nc[n]2[C@@H]1O[C@H](CO)[C@@H](O)[C@H]1O)=O)C(O)CO)=O","«","nucleoside"
"182","21161A","2- methylthiomethylenethio-N6-isopentenyl-adenosine","Adenosine","msms2i6A","CC(C)=CCNc1nc(SCSC)nc2c1nc[n]2[C@@H]1O[C@H](CO)[C@@H](O)[C@H]1O","£","nucleoside"
"183","051C","2'-O-methyl-5-hydroxymethylcytidine","Cytidine","hm5Cm","CO[C@H]1[C@H]([n]2cc(CO)c(N)nc2=O)O[C@H](CO)[C@H]1O","¡","nucleoside"
"185","9551U","pseudouridine-5'-monophosphate","Uridine","pY","O=c1[nH]cc([C@@H]2O[C@H](COP(=O)([O-])[O-])[C@@H](O)[C@H]2O)c(=O)[nH]1","P","nucleotide"
"186","5551C","5-methylcytidine-5'-monophosphate","Cytidine","pm5C","Cc1c(N)nc(=O)[n]([C@H]2[C@H](O)[C@H](O)[C@@H](COP(=O)([O-])[O-])O2)c1","?","nucleotide"
"187","2551U","1-(beta-D-ribofuranosyl)-2-thio-uracil-5'-phosphate","Uridine","ps2U","O=c1cc[n]([C@@H]2O[C@H](COP(=O)([O-])[O-])[C@@H](O)[C@H]2O)c(=S)[nH]1","2","nucleotide"
"188","2000000010U","5-bromo-uridine-5'-monophosphate","Uridine","5BU","[O-]P(OC[C@H]1O[C@H]([C@H](O)[C@@H]1O)N1C=C(Br)C(NC1=O)=O)(=O)[O-]","㑐","nucleotide"
"189","3000000046C","[(1R,3R,4R,7S)-7-hydroxy-3-(5-methylcytosin-1-YL)-2,5-dioxabicyclo[2.2.1]hept-1-YL]methyl dihydrogen phosphate","Cytidine","LCC","[O-]P(OC[C@]12CO[C@H]([C@@H]1O)[C@@H](O2)N1C(N=C(N)C(=C1)C)=O)(=O)[O-]","㐱","nucleotide"
"190","8551U","5,6-dihydrouridine-5'-monophosphate","Uridine","pD","[O-]P(OC[C@H]1O[C@H]([C@H](O)[C@@H]1O)N1C(NC(=O)CC1)=O)(=O)[O-]","D","nucleotide"
"191","2551G","2N-methylguanosine-5'-monophosphate","Guanosine","pm2G","CNc1nc2c(nc[n]2[C@@H]2O[C@H](COP(=O)([O-])[O-])[C@@H](O)[C@H]2O)c(=O)[nH]1","L","nucleotide"
"192","66551A","6N-dimethyladenosine-5'-monophosphate","Adenosine","pm6,6A","[O-]P(OC[C@H]1O[C@H]([C@H](O)[C@@H]1O)[n]1c[n]c2c1[n]c[n]c2N(C)C)(=O)[O-]","","nucleotide"
"193","0551G","O2'-methylguanosine-5'-monophosphate","Guanosine","pGm","CO[C@@H]1[C@H](O)[C@@H](COP(=O)([O-])[O-])O[C@H]1[n]1cnc2c(=O)[nH]c(N)nc12","#","nucleotide"
"194","5551U","5-methyluridine-5'-monophosphate","Uridine","pm5U","[C@H]1([n]2cc(C)c(=O)nc2=O)[C@H](O)[C@H](O)[C@@H](COP([O-])([O-])=O)O1","T","nucleotide"
"195","1000000005X","2-amino-9-[2-deoxyribofuranosyl]-9H-purine-5'-monophosphate","Unknown","2PR","[O-]P(OC[C@H]1O[C@H](C[C@@H]1O)[n]1c[n]c2c1[n]c(N)[n]c2)(=O)[O-]","㐈","nucleotide"
"196","2000000055X","1-(beta-D-ribofuranosyl)-pyridin-4-one-5'-phosphate","Unknown","ONE","[O-]P(OC[C@H]1O[C@H]([C@H](O)[C@@H]1O)N1C=CC(=O)C=C1)(=O)[O-]","㑊","nucleotide"
"197","2000000058X","1-(beta-D-ribofuranosyl)-pyrimidin-2-one-5'-phosphate","Unknown","PYO","[O-]P(OC[C@H]1O[C@H]([C@H](O)[C@@H]1O)N1C(N=CC=C1)=O)(=O)[O-]","㑋","nucleotide"
"198","22551G","N2-dimethylguanosine-5'-monophosphate","Guanosine","pm2,2G","CN(C)c1nc2c(nc[n]2[C@@H]2O[C@H](COP(=O)([O-])[O-])[C@@H](O)[C@H]2O)c(=O)[nH]1","R","nucleotide"
"199","3551U","3-methyluridine-5'-monophosphate","Uridine","pm3U","C[n]1c(=O)cc[n]([C@@H]2O[C@H](COP(=O)([O-])[O-])[C@@H](O)[C@H]2O)c1=O","","nucleotide"
"200","42551C","N(4)-acetylcytidine-5'-monophosphate","Cytidine","pac4C","CC(Nc1nc(=O)[n]([C@H]2[C@H](O)[C@H](O)[C@@H](COP(=O)([O-])[O-])O2)cc1)=O","M","nucleotide"
"201","0551C","O2'-methylcytidine-5'-monophosphate","Cytidine","pCm","CO[C@H]1[C@H]([n]2c(=O)nc(N)cc2)O[C@H](COP(=O)([O-])[O-])[C@H]1O","B","nucleotide"
"202","553G","guanosine-5'-triphosphate","Guanosine","pppG","[C@H]1([n]2cnc3c2nc(nc3=O)N)[C@H](O)[C@H](O)[C@@H](CO[P@](O[P@@]([O-])(=O)OP([O-])([O-])=O)(=O)[O-])O1","","nucleotide"
"203","7551G","7N-methyl-8-hydroguanosine-5'-monophosphate","Guanosine","pm7G","C[n+]1c2c(nc(nc2=O)N)[n]([C@H]2[C@H](O)[C@H](O)[C@@H](COP(=O)([O-])[O-])O2)c1","7","nucleotide"
"204","1551A","N(1)-methyladenosine 5'-monophosphate","Adenosine","pm1A","C[n]1c(=N)c2c([n]([C@H]3[C@H](O)[C@H](O)[C@@H](COP(=O)([O-])[O-])O3)cn2)nc1","""","nucleotide"
"205","0551U","O2'-methyluridine 5'-monophosphate","Uridine","pUm","CO[C@@H]1[C@H](O)[C@@H](COP(=O)([O-])[O-])O[C@H]1[n]1ccc(=O)[nH]c1=O","J","nucleotide"
"206","2000000031C","5-bromocytidine 5'-(dihydrogen phosphate)","Cytidine","CBV","[O-]P(OC[C@H]1O[C@H]([C@H](O)[C@@H]1O)N1C=C(Br)C(N)=NC1=O)(=O)[O-]","㐬","nucleotide"
"207","0551A","2'-O-methyladenosine 5'-(dihydrogen phosphate)","Adenosine","pAm","[O-]P(OC[C@H]1O[C@@H]([n]2c3[n]c[n]c(N)c3[n]c2)[C@@H]([C@@H]1O)OC)(=O)[O-]",":","nucleotide"
"208","04551C","4N,O2'-methylcytidine-5'-monophosphate","Cytidine","pm4Cm","CNc1cc[n]([C@@H]2O[C@H](COP(=O)([O-])[O-])[C@@H](O)[C@H]2OC)c(=O)n1","Λ","nucleotide"
"209","3377C","cytidine-5'-phosphate-2',3'-cyclic phosphate","Cytidine","pC2'3'cp","Nc1cc[n]([C@H]2[C@@H]3O[P@]([O-])(=O)O[C@@H]3[C@@H](COP([O-])([O-])=O)O2)c(=O)n1","","nucleotide"
"210","3000000047G","[(1R,3R,4R,7S)-7hydroxy-3-(guanin-9-YL)-2,5-dioxabicyclo[2.2.1]hept-1-YL]methyl dihydrogen phosphate","Guanosine","LCG","[O-]P(OC[C@]12CO[C@H]([C@@H]1O)[C@@H](O2)[n]1c[n]c2C(=O)NC(N)=Nc21)(=O)[O-]","㐹","nucleotide"
"211","6551A","N6-methyladenosine-5'-monophosphate","Adenosine","pm6A","[O-]P(OC[C@H]1O[C@H]([C@H](O)[C@@H]1O)[n]1c[n]c2c1[n]c[n]c2NC)(=O)[O-]","=","nucleotide"
"213","3483551G","wybutosine-5'-monophosphate","Guanosine","pyW","COC(N[C@@H](C(OC)=O)CCc1[n]2c([n](c3c(c2=O)nc[n]3[C@H]2[C@H](O)[C@H](O)[C@@H](COP(=O)([O-])[O-])O2)C)nc1C)=O","Y","nucleotide"
"214","1551G","1N-methylguanosine-5'-monophosphate","Guanosine","pm1G","[O-]P(OC[C@H]1O[C@H]([C@H](O)[C@@H]1O)[n]1c[n]c2c1N=C(N)N(C2=O)C)(=O)[O-]","K","nucleotide"
"215","3377A","adenosine-5'-phosphate-2',3'-cyclic phosphate","Adenosine","pA2'3'cp","[O-][P@@]1(O[C@H]2[C@@H](O[C@H](COP(=O)([O-])[O-])[C@H]2O1)[n]1c[n]c2c1[n]c[n]c2N)=O","","nucleotide"
"216","74551U","4-thiouridine-5'-monophosphate","Uridine","ps4U","O=c1[nH]c(=S)cc[n]1[C@@H]1O[C@H](COP(=O)([O-])[O-])[C@@H](O)[C@H]1O","4","nucleotide"
"217","9551A","inosine-5'-monophosphate","Adenosine","pI","O[C@H]1[C@@H](O)[C@H]([n]2c3ncnc(=O)c3nc2)O[C@@H]1COP(=O)([O-])[O-]","I","nucleotide"
"218","552G","guanosine-5'-diphosphate","Guanosine","ppG","[O-][P@@](OC[C@H]1O[C@H]([C@H](O)[C@@H]1O)[n]1c[n]c2C(=O)NC(N)=Nc21)(OP([O-])(=O)[O-])=O","","nucleotide"
"219","2551A","2-methyladenosine-5'-monophosphate","Adenosine","pm2A","Cc1nc2c(nc[n]2[C@H]2[C@H](O)[C@H](O)[C@@H](COP(=O)([O-])[O-])O2)c(N)n1","/","nucleotide"
"220","1000000030C","5-bromo-2'-deoxy-cytidine-5'-monophosphate","Cytidine","CBR","[O-]P(OC[C@H]1O[C@@H](N2C(=O)N=C(N)C(Br)=C2)C[C@@H]1O)(=O)[O-]","㐆","nucleotide"
"221","2000000056X","purine roboside-5'-monophosphate","Unknown","P5P","[O-]P(OC[C@H]1O[C@H]([C@H](O)[C@@H]1O)[n]1c[n]c2c1[n]c[n]c2)(=O)[O-]","㐣","nucleotide"
"222","1000000026G","8-bromo-2'-deoxyguanosine-5'-monophosphate","Guanosine","BGM","[O-]P(OC[C@H]1O[C@@H]([n]2c(Br)[n]c3C(NC(N)=Nc23)=O)C[C@@H]1O)(=O)[O-]","㐉","nucleotide"
"223","2521551U","5-(O-methylaceto)-2-thio-2-deoxy-uridine-5'-monophosphate","Uridine","pmcm5s2U","COC(=O)Cc1c[n]([C@@H]2O[C@H](COP(=O)([O-])[O-])[C@@H](O)[C@H]2O)c(=S)[nH]c1=O","3","nucleotide"
"224","5000000065U","uridine 5'-monothiophosphate","Uridine","U37","O[C@@H]1[C@@H](COP(=O)([S-])[O-])O[C@@H](N2C(=O)NC(=O)C=C2)[C@@H]1O","㑕","nucleotide"
"225","2000000008X","(1S)-1,4-anhydro-1-(3-methyl-2,4-dioxo-1,2,3,4-tetrahydropyrimidin-5-yl)-5-O-phosphono-D-ribitol","Unknown","3TD","[O-]P(OC[C@H]1O[C@H]([C@H](O)[C@@H]1O)C1=CNC(=O)N(C1=O)C)(=O)[O-]","㑂","nucleotide"
"226","2000000044U","5-iodouridine-5'-monophosphate","Uridine","IU","[O-]P(OC[C@H]1O[C@H]([C@H](O)[C@@H]1O)N1C=C(I)C(NC1=O)=O)(=O)[O-]","㑑","nucleotide"
"227","3000000064U","[(1R,3R,4R,7S)-7-hydroxy-3-(thymin-1-YL)-2,5-dioxabicyclo[2.2.1]hept-1-YL]methyl dihydrogen phosphate","Uridine","TLN","[O-]P(OC[C@]12CO[C@H]([C@@H]1O)[C@@H](O2)N1C(NC(=O)C(=C1)C)=O)(=O)[O-]","㑒","nucleotide"
"228","3000000045A","[(1R,3R,4R,7S)-7-hydroxy-3-(adenin-9-YL)-2,5-dioxabicyclo[2.2.1]hept-1-YL]methyl dihydrogen phosphate","Adenosine","LCA","[O-]P(OC[C@]12CO[C@H]([C@@H]1O)[C@@H](O2)[n]1c[n]c2c1[n]c[n]c2N)(=O)[O-]","㐜","nucleotide"
"229","2000000077X","1-(5-O-phosphono-beta-D-ribofuranosyl)-4-selanylpyrimidin-2(1H)-one","Unknown","US5","[O-]P(OC[C@H]1O[C@H]([C@H](O)[C@@H]1O)N1C(N=C([SeH])C=C1)=O)(=O)[O-]","㑉","nucleotide"
"230","20551U","1-(5-O-phosphono-beta-D-ribofuranosyl)-2-selanylpyrimidin-4(1H)-one","Uridine","pse2U","O[C@@H]1[C@@H](COP(=O)([O-])[O-])O[C@@H]([n]2c(=[Se])[nH]c(=O)cc2)[C@@H]1O","","nucleotide"
"231","62551A","N6-threonylcarbamoyladenosine-5'-monophosphate","Adenosine","pt6A","[O-]P(OC[C@H]1O[C@H]([C@H](O)[C@@H]1O)[n]1c[n]c2c1[n]c[n]c2NC(=O)N[C@H](C(O)=O)[C@H](O)C)(=O)[O-]","6","nucleotide"
"232","71551C","5-formylcytidine 5'-(dihydrogen phosphate)","Cytidine","pf5C","Nc1nc(=O)[n]([C@@H]2O[C@H](COP(=O)([O-])[O-])[C@@H](O)[C@H]2O)cc1C=O",">","nucleotide"
"233","553A","adenosine-5'-triphosphate","Adenosine","pppA","[O-][P@](OP(=O)([O-])[O-])(O[P@]([O-])(OC[C@H]1O[C@H]([C@H](O)[C@@H]1O)[n]1c[n]c2c1[n]c[n]c2N)=O)=O","","nucleotide"
"234","1000000027U","5-bromo-2'-deoxyuridine-5'-monophosphate","Uridine","BRU","[O-]P(OC[C@H]1O[C@@H](N2C(=O)NC(=O)C(Br)=C2)C[C@@H]1O)(=O)[O-]","㐍","nucleotide"
"235","551G","guanosine-5'-monophosphate","Guanosine","pG","Nc1nc2c(nc[n]2[C@@H]2O[C@H](COP(=O)([O-])[O-])[C@@H](O)[C@H]2O)c(=O)[nH]1","G","nucleotide"
"236","2000000043G","isoguanosine-5'-monophosphate","Guanosine","IG","[O-]P(OC[C@H]1O[C@H]([C@H](O)[C@@H]1O)N1C=NC2C1=NC(=O)NC=2N)(=O)[O-]","㐾","nucleotide"
"237","2000000042C","isocytidine-5'-monophosphate","Cytidine","IC","[O-]P(OC[C@H]1O[C@H]([C@H](O)[C@@H]1O)N1C(N)=NC(=O)C=C1)(=O)[O-]","㐳","nucleotide"
"238","3377G","guanoside-5'-phosphate-2',3'-cyclic phosphate","Guanosine","pG2'3'cp","[C@H]1([n]2cnc3c2nc(nc3=O)N)[C@@H]2O[P@]([O-])(=O)O[C@@H]2[C@@H](COP([O-])([O-])=O)O1","","nucleotide"
"239","5000000006G","guanosine phosphorodithioate","Guanosine","2SG","NC1NC(=O)c2nc[n]([C@H]3[C@H](O)[C@H](O)[C@@H](COP(=O)([S-])[S-])O3)c2N=1","㐻","nucleotide"
"240","2161551A","2-methylthio-N6-isopentenyl-adenosine-5'-monophosphate","Adenosine","pms2i6A","[O-]P(OC[C@H]1O[C@H]([C@H](O)[C@@H]1O)[n]1c[n]c2c1[n]c(SC)[n]c2NCC=C(C)C)(=O)[O-]","*","nucleotide"
"241","502551U","5-(carboxymethoxy) uridine-5'-monophosphate","Uridine","pcmo5U","O[C@@H]1[C@@H](COP(=O)([O-])[O-])O[C@@H]([n]2c(=O)[nH]c(=O)c(OCC(=O)O)c2)[C@@H]1O","V","nucleotide"
"242","3000000017C","2'-amine-cytidine-5'-monophosphate","Cytidine","A5M","[O-]P(OC[C@H]1O[C@H]([C@H](N)[C@@H]1O)N1C(N=C(N)C=C1)=O)(=O)[O-]","㐧","nucleotide"
"243","5000000062A","adenosine-5'-thio-monophosphate","Adenosine","SRA","Nc1ncnc2n(cnc12)[C@@H]1O[C@H](COP([O-])([O-])=S)[C@@H](O)[C@H]1O","㐢","nucleotide"
"244","34831551G","wybutosine[C15(S)]-5'-monophosphate","Guanosine","pyyW","COC(N[C@H](C(OC)=O)CCc1[n]2c([n](c3c(c2=O)nc[n]3[C@H]2[C@H](O)[C@H](O)[C@@H](COP(=O)([O-])[O-])O2)C)nc1C)=O","","nucleotide"
"245","","(D)-2'-methylselenyl-2'-deoxycytidine-5'-phosphate","Cytidine","--","Nc1cc[n]([C@@H]2O[C@H](COP([O-])([O-])=O)[C@@H](O)[C@H]2[Se]C)c(=O)n1","","nucleotide"
"246","2000000053X","(1S)-1,4-anhydro-1-(2,4-difluoro-5-methylphenyl)-5-O-phosphono-D-ribitol","Unknown","NF2","[O-]P(OC[C@H]1O[C@H]([C@H](O)[C@@H]1O)c1c(F)cc(F)c(c1)C)(=O)[O-]","㑁","nucleotide"
"247","2000000060C","5'-3,6-dihydrocytidylic acid","Cytidine","RY","[O-]P(OC[C@H]1O[C@H]([C@H](O)[C@@H]1O)N1CC=C(N)NC1=O)(=O)[O-]","㐪","nucleotide"
"248","2000000011C","5-fluorocytidine 5'-(dihydrogen phosphate)","Cytidine","5CF","[O-]P(OC[C@H]1O[C@H]([C@H](O)[C@@H]1O)N1C=C(F)C(N)=NC1=O)(=O)[O-]","㐭","nucleotide"
"249","2000000040G","8-bromoguanosine 5'-(dihydrogen phosphate)","Guanosine","GRB","[O-]P(OC[C@H]1O[C@@H]([n]2c(Br)[n]c3C(NC(N)=Nc23)=O)[C@H](O)[C@@H]1O)(=O)[O-]","㐸","nucleotide"
"250","44551C","[(2~{R},3~{S},4~{R},5~{R})-5-[4-(dimethylamino)-2-oxidanylidene-pyrimidin-1-yl]-3,4-bis(oxidanyl)oxolan-2-yl]methyl dihydrogen phosphate","Cytidine","pm4,4C","CN(c1nc(=O)[n]([C@H]2[C@H](O)[C@H](O)[C@@H](COP(=O)([O-])[O-])O2)cc1)C","","nucleotide"
"251","","2'-deoxyinosine-5'-monophosphate","Adenosine","","[C@H]1([n]2cnc3c2ncnc3=O)C[C@H](O)[C@@H](COP([O-])([O-])=O)O1","","nucleotide"
"253","61551A","N6-isopentenyl-adenosine-5'-monophosphate","Adenosine","pi6A","CC(=CCNc1c2c([n]([C@H]3[C@H](O)[C@H](O)[C@@H](COP(=O)([O-])[O-])O3)cn2)ncn1)C","+","nucleotide"
"254","51551C","5-(hydroxymethyl)cytidine 5'-(dihydrogen phosphate)","Cytidine","phm5C","Nc1nc(=O)[n]([C@@H]2O[C@H](COP(=O)([O-])[O-])[C@@H](O)[C@H]2O)cc1CO","","nucleotide"
"255","551U","uridine-5'-monophosphate","Uridine","pU","O=c1cc[n]([C@@H]2O[C@H](COP(=O)([O-])[O-])[C@@H](O)[C@H]2O)c(=O)[nH]1","U","nucleotide"
"256","00551A","2'-O-[(5'-phospho)ribosyl]adenosine-5'-monophosphate","Adenosine","pAr(p)","[O-]P(OC[C@H]1O[C@H]([C@H](O)[C@@H]1O)O[C@@H]1[C@H](O)[C@@H](COP(=O)([O-])[O-])O[C@H]1[n]1c[n]c2c1[n]c[n]c2N)(=O)[O-]","^","nucleotide"
"257","042551C","[(2~{R},3~{R},4~{R},5~{R})-5-(4-acetamido-2-oxidanylidene-pyrimidin-1-yl)-4-methoxy-3-oxidanyl-oxolan-2-yl]methyl dihydrogen phosphate","Cytidine","pac4Cm","CO[C@H]1[C@H]([n]2c(=O)nc(NC(=O)C)cc2)O[C@H](COP(=O)([O-])[O-])[C@H]1O","ℵ","nucleotide"
"258","2000000025X","[(2~{R},3~{S},4~{R},5~{S})-5-[1-methyl-2,4-bis(oxidanylidene)pyrimidin-5-yl]-3,4-bis(oxidanyl)oxolan-2-yl]methyl dihydrogen phosphate","Unknown","B8H","[O-]P(OC[C@H]1O[C@H]([C@H](O)[C@@H]1O)C1C(NC(=O)N(C=1)C)=O)(=O)[O-]","㑓","nucleotide"
"259","33551G","guanosine-3',5'-diphosphate","Guanosine","pGp","[C@H]1([n]2cnc3c2nc(nc3=O)N)[C@H](O)[C@H](OP([O-])([O-])=O)[C@@H](COP([O-])([O-])=O)O1","","nucleotide"
"260","3000000028X","(5S)-5-{3-[(3S)-3-amino-3-carboxypropyl]-1-methyl-2,4-dioxo-1,2,3,4-tetrahydropyrimidin-5-yl}-2,5-anhydro-1-O-phosphono-L-arabinitol","Unknown","C4J","[O-]P(OC[C@@H]1O[C@H]([C@H](O)[C@@H]1O)C1C(N(CC[C@H](N)C(O)=O)C(=O)N(C=1)C)=O)(=O)[O-]","㑄","nucleotide"
"261","","2'-deoxy-2'-fluoroadenosine 5'-(dihydrogen phosphate)","Adenosine","ppp","[O-]P(OC[C@H]1O[C@H]([C@H](F)[C@@H]1O)[n]1c[n]c2c1[n]c[n]c2N)(=O)[O-]","","nucleotide"
"262","2000000037G","guanine arabinose-5'-phosphate","Guanosine","GAO","[O-]P(OC[C@H]1O[C@H]([C@@H](O)[C@@H]1O)[n]1c[n]c2C(=O)NC(N)=Nc21)(=O)[O-]","㐺","nucleotide"
"263","3000000063G","2-azanyl-9-[(2~{R},3~{R},4~{S})-3-oxidanyl-4-[oxidanyl-bis(oxidanylidene)-$l^{6}-phosphanyl]oxy-oxolan-2-yl]-1~{H}-purin-6-one","Guanosine","TG","NC1NC(=O)c2nc[n]([C@H]3[C@H](O)[C@@H](OP(=O)([O-])[O-])CO3)c2N=1","㐶","nucleotide"
"264","3000000075U","((2S,3S,4R,5R)-5-(2,4-dioxo-3,4-dihydropyrimidin-1(2H)-yl)-3-(2- ((((2R,5R)-5-(2,4-dioxo-3,4-dihydropyrimidin-1(2H)-yl)- 3,4-dihydroxytetrahydrofuran-2-yl)methyl)amino)-2-oxoethyl)-4- hydroxytetrahydrofuran-2-yl)methyl phosphate","Uridine","URU","[O-]P(OC[C@H]1O[C@H]([C@H](O)[C@@H]1CC(NC[C@H]1O[C@@H](N2C(=O)NC(=O)C=C2)[C@H](O)[C@@H]1O)=O)N1C(NC(=O)C=C1)=O)(=O)[O-]","㐿","nucleotide"
"265","5000000022A","adenosine-5'-(dithio)phosphate","Adenosine","ADS","[S-]P(OC[C@@H]1[C@H]([C@@H](O)[C@@H](O1)[n]1c[n]c2c1[n]c[n]c2N)O)(=O)[S-]","㐡","nucleotide"
"266","3000000004A","2'-amino-2'-deoxyadenosine","Adenosine","2AD","N[C@H]1[C@H]([n]2c3c(c([n]c[n]3)N)[n]c2)O[C@H](COP(=O)([O-])[O-])[C@H]1O","㐑","nucleotide"
"267","3000000001C","4-amino-1-{2,5-anhydro-4-[(phosphonooxy)methyl]-alpha-L-lyxofuranosyl}pyrimidin-2(1H)-one","Cytidine","10C","[O-]P(OC[C@]12O[C@@H](N3C(=O)N=C(N)C=C3)[C@H](OC1)[C@@H]2O)(=O)[O-]","㐩","nucleotide"
"268","3377551U","uridine-5'-monophosphate-2',3'-cyclic phosphate","Uridine","pU2'3'cp","[O-]P1(O[C@H]2[C@@H](O[C@H](COP(=O)([O-])[O-])[C@H]2O1)N1C(NC(=O)C=C1)=O)=O","","nucleotide"
"269","3000000070U","2'-F,4'-beta-OMe Uridine 5'-(dihydrogen phosphate)","Uridine","UFB","[O-]P(OC[C@@]1(O[C@@H](N2C(=O)NC(=O)C=C2)[C@H](F)[C@@H]1O)OC)(=O)[O-]","㑍","nucleotide"
"271","3000000015A","3'-amino-3'-deoxyadenosine 5'-(dihydrogen phosphate)","Adenosine","8AN","[O-]P(OC[C@H]1O[C@H]([C@H](O)[C@@H]1N)[n]1c[n]c2c1[n]c[n]c2N)(=O)[O-]","㐓","nucleotide"
"272","3000000067U","1-(2,6-dideoxy-2-fluoro-5-O-phosphono-alpha-L-talofuranosyl)pyrimidine-2,4(1H,3H)-dione","Uridine","U5M","[O-]P(O[C@@H](C)[C@H]1O[C@@H](N2C(=O)NC(=O)C=C2)[C@H](F)[C@@H]1O)(=O)[O-]","㑇","nucleotide"
"273","3000000074U","2'-OMe,4'beta-OMe uridine 5'-(dihydrogen phosphate)","Uridine","UOB","[O-]P(OC[C@]1(OC)O[C@@H](N2C(=O)NC(=O)C=C2)[C@@H]([C@@H]1O)OC)(=O)[O-]","㑏","nucleotide"
"274","1000000038G","3'-deoxyguanosine 5'-monophosphate","Guanosine","GDO","[O-]P(OC[C@H]1O[C@H]([C@H](O)C1)[n]1c[n]c2C(=O)NC(N)=Nc21)(=O)[O-]","㐷","nucleotide"
"275","3000000039G","2-amino-9-(6-deoxy-5-O-phosphono-beta-D-allofuranosyl)-3,9-dihydro-6H-purin-6-one","Guanosine","GMX","[O-]P(O[C@H](C)[C@H]1O[C@@H]([n]2c3NC(N)=NC(=O)c3[n]c2)[C@H](O)[C@@H]1O)(=O)[O-]","㐵","nucleotide"
"276","3000000061C","4'-thio-4'-deoxy-cytosine-5'-monophosphate","Cytidine","S4C","[O-]P(OC[C@H]1S[C@H]([C@H](O)[C@@H]1O)N1C(N=C(N)C=C1)=O)(=O)[O-]","㐨","nucleotide"
"277","2000000020X","3-ethynyl-1-(5-O-phosphono-beta-D-ribofuranosyl)-1H-pyrazolo[3,4-d]pyrimidin-4-amine","Unknown","A7E","[O-]P(OC[C@H]1O[C@H]([C@H](O)[C@@H]1O)[n]1[n]c(c2c1[n]c[n]c2N)C#C)(=O)[O-]","㐖","nucleotide"
"278","2000000014X","1-(5-O-phosphono-beta-D-ribofuranosyl)-3-(1H-1,2,3-triazol-5-yl)-1H-pyrazolo[3,4-d]pyrimidin-4-amine","Unknown","7AT","[O-]P(OC[C@H]1O[C@H]([C@H](O)[C@@H]1O)[n]1[n]c(c2c1[n]c[n]c2N)-c1[nH][n][n]c1)(=O)[O-]","㐐","nucleotide"
"279","5000000013C","5'-O-[(dithiophosphono)]cytidine","Cytidine","73W","NC1C=CN([C@H]2[C@H](O)[C@H](O)[C@@H](COP(=S)([S-])[O-])O2)C(=O)N=1","㐫","nucleotide"
"280","3000000072U","2'-F-4'-OMe uridine 5'-monophosphate","Uridine","UMO","[O-]P(OC[C@]1(O[C@@H](N2C(=O)NC(=O)C=C2)[C@H](F)[C@@H]1O)OC)(=O)[O-]","㑎","nucleotide"
"281","4551C","4-methyl, cytidine-5'-monophosphate","Cytidine","pm4C","CNc1nc(=O)[n]([C@H]2[C@H](O)[C@H](O)[C@@H](COP(=O)([O-])[O-])O2)cc1","","nucleotide"
"282","2000000054X","[(2~{R},3~{S},4~{R},5~{R})-5-(2-azanyl-6-diazanyl-purin-9-yl)-3,4-bis(oxidanyl)oxolan-2-yl]methoxyphosphinic acid","Unknown","O2Z","[O-]P(OC[C@H]1O[C@H]([C@H](O)[C@@H]1O)[n]1c[n]c2c1[n]c(N)[n]c2NN)(=O)[O-]","㐞","nucleotide"
"283","3000000078G","2'-SE-methyl-2'-selenoguanosine 5'-(dihydrogen phosphate)","Guanosine","XUG","[O-]P(OC[C@H]1O[C@@H]([n]2c3N=C(N)NC(=O)c3[n]c2)[C@@H]([C@@H]1O)[Se]C)(=O)[O-]","㐇","nucleotide"
"284","3000000068U","1-(2,6-dideoxy-2-fluoro-5-O-phosphono-beta-D-allofuranosyl)pyrimidine-2,4(1H,3H)-dione","Uridine","U5R","[O-]P(O[C@H](C)[C@H]1O[C@@H](N2C(=O)NC(=O)C=C2)[C@H](F)[C@@H]1O)(=O)[O-]","㑈","nucleotide"
"285","2000000002X","N1-deaza-adenosine-5'-monophosphate","Unknown","1DP","[O-]P(OC[C@H]1O[C@H]([C@H](O)[C@@H]1O)[n]1c2c([n]c1)c(N)cc[n]2)(=O)[O-]","㐚","nucleotide"
"286","333000012Y","(2~{R})-2-azanyl-4-[5-[(2~{S},3~{R},4~{S},5~{R})-3,4-bis(oxidanyl)-5-(phosphonooxymethyl)oxolan-2-yl]-3-methyl-2,6-bis(oxidanylidene)pyrimidin-1-yl]butanoic acid","Uridine","B8N","[O-]P(OC[C@H]1O[C@H]([C@H](O)[C@@H]1O)C1C(N(CC[C@@H](N)C(O)=O)C(=O)N(C=1)C)=O)(=O)[O-]","㑃","nucleotide"
"287","2000000019X","3-[1-(4-bromophenyl)-1H-1,2,3-triazol-4-yl]-1-[5-O-(trihydroxy-lambda~5~-phosphanyl)-beta-D-ribofuranosyl]-1H-pyrazolo[3,4-d]pyrimidin-4-amine","Unknown","A7C","Nc1c2c([n]([C@H]3[C@H](O)[C@H](O)[C@@H](COP(=O)([O-])[O-])O3)[n]c2-c2[n][n][n](-c3ccc(Br)cc3)c2)[n]c[n]1","㐕","nucleotide"
"288","3000000066U","1-{2,5-dideoxy-2-fluoro-4-[(phosphonooxy)methyl]-alpha-L-lyxofuranosyl}pyrimidine-2,4(1H,3H)-dione","Uridine","U4M","[O-]P(OC[C@]1(O[C@@H](N2C(=O)NC(=O)C=C2)[C@H](F)[C@@H]1O)C)(=O)[O-]","㑌","nucleotide"
"290","3000000057A","puromycin-5'-monophosphate","Adenosine","PPU","[O-]P(OC[C@H]1O[C@H]([C@H](O)[C@@H]1NC([C@@H](N)Cc1ccc(OC)cc1)=O)[n]1c[n]c2c1[n]c[n]c2N(C)C)(=O)[O-]","㐤","nucleotide"
"291","2000000034C","N3-protonated cytidine-5'-monophosphate","Cytidine","CH","[O-]P(OC[C@H]1O[C@H]([C@H](O)[C@@H]1O)[N+]1=CC=C(N)NC1=O)(=O)[O-]","㐰","nucleotide"
"292","2000000050X","9-beta-D-ribofuranosyl-9H-purin-2-amine","Unknown","MTU","[O-]P(OC[C@H]1O[C@H]([C@H](O)[C@@H]1O)[n]1c[n]c2c1[n]c(N)[n]c2)(=O)[O-]","㐙","nucleotide"
"293","2000000052X","((2R,3S,4R,5S)-5-(2,6-diamino-9H-purin-9-YL)-3,4-dihydroxy-tetrahydrofuran-2-YL)methyl dihydrogen phosphate","Unknown","N6G","[O-]P(OC[C@H]1O[C@H]([C@H](O)[C@@H]1O)[n]1c[n]c2c1[n]c(N)[n]c2N)(=O)[O-]","㐏","nucleotide"
"294","1000000007A","3'-deoxyadenosine-5'-monophosphate","Adenosine","3DA","[O-]P(OC[C@H]1O[C@H]([C@H](O)C1)[n]1c[n]c2c1[n]c[n]c2N)(=O)[O-]","㐔","nucleotide"
"295","2000000024A","N1-protonated adenosine-5'-monophosphate","Adenosine","AP7","[O-]P(OC[C@H]1O[C@H]([C@H](O)[C@@H]1O)[n]1c[n]c2c1[n]c[nH+]c2N)(=O)[O-]","㐛","nucleotide"
"296","05551U","2',5-dimethyluridine-5'-monophosphate","Uridine","pm5Um","CO[C@H]1[C@H]([n]2c(=O)[nH]c(=O)c(C)c2)O[C@H](COP(=O)([O-])[O-])[C@H]1O","\","nucleotide"
"297","511551U","(2R,4S)-1-[(4R)-3,4-dihydroxytetrahydrofuran-2-YL]-5-[(methylamino)methyl]-1,2,3,4-tetrahydropyrimidine-2,4-diol-5'-monophosphate","Uridine","pmnm5U","CNCc1c(=O)[nH]c(=O)[n]([C@H]2[C@H](O)[C@H](O)[C@@H](COP(=O)([O-])[O-])O2)c1","{","nucleotide"
"298","5000000009A","5'-O-[(S)-hydroxy(methyl)phosphoryl]adenosine","Adenosine","45A","CP(OC[C@@H]1[C@@H](O)[C@@H](O)[C@H]([n]2c3c(c(ncn3)N)nc2)O1)(=O)[O-]","㐗","nucleotide"
"299","3551C","3-Methylcytidine- 5'-monophosphate","Cytidine","pm3C","C[n+]1c(=O)[n]([C@H]2[C@H](O)[C@H](O)[C@@H](COP(=O)([O-])[O-])O2)ccc1N","'","nucleotide"
"300","551C","cytidine-5'-monophosphate","Cytidine","pC","Nc1nc(=O)[n]([C@H]2[C@H](O)[C@H](O)[C@@H](COP(=O)([O-])[O-])O2)cc1","C","nucleotide"
"301","2000000051C","5-nitrocytidine 5'-(dihydrogen phosphate)","Cytidine","N5M","[O-]P(OC[C@H]1O[C@H]([C@H](O)[C@@H]1O)N1C=C([N+]([O-])=O)C(N)=NC1=O)(=O)[O-]","㐯","nucleotide"
"302","662551A","N6-methyl-N6-threonylcarbamoyladenosine-5'-monophosphate","Adenosine","pm6t6A","[O-]P(OC[C@H]1O[C@H]([C@H](O)[C@@H]1O)[n]1c[n]c2c1[n]c[n]c2N(C)C(=O)N[C@H](C(O)=O)[C@H](O)C)(=O)[O-]","E","nucleotide"
"303","3000000021A","2'-deoxy-2'-(4-ethyl-1H-1,2,3-triazol-1-yl)adenosine 5'-(dihydrogen phosphate)","Adenosine","A9Z","[O-]P(OC[C@H]1O[C@@H]([n]2c3[n]c[n]c(N)c3[n]c2)[C@@H]([C@@H]1O)[n]1[n][n]c(c1)CC)(=O)[O-]","㐒","nucleotide"
"304","3000000023A","[(6-amino-9H-purin-9-YL)-[5-fluoro-1,3-dihydro-1-hydroxy-2,1-benzoxaborole]-4'YL]methyl dihydrogen phosphate","Adenosine","ANZ","[O-]P(OC[C@H]1O[C@@H]([n]2c3[n]c[n]c(N)c3[n]c2)[C@@H]2O[B@-]3(O[C@H]12)OCc1c3ccc(F)c1)(=O)[O-]","㐟","nucleotide"
"305","2000000012C","5-iodo-cytidine-5'-monophosphate","Cytidine","5IC","[O-]P(OC[C@H]1O[C@H]([C@@H](O)[C@@H]1O)N1C=C(I)C(N)=NC1=O)(=O)[O-]","㐮","nucleotide"
"306","3000000049C","2'-(N-acetamide)-cytidine-5'-monophosphate","Cytidine","M5M","[O-]P(OC[C@H]1O[C@@H](N2C(=O)N=C(N)C=C2)[C@@H]([C@@H]1O)NC(=O)C)(=O)[O-]","㐦","nucleotide"
"307","3000000003X","(E)-N-{[4-oxo-1-(5-O-phosphono-beta-D-arabinofuranosyl)-2-thioxo-1,2,3,4-tetrahydropyrimidin-5-yl]methylidene}glycin","Unknown","1RN","[O-]P(OC[C@H]1O[C@H]([C@@H](O)[C@@H]1O)N1C=C(/C=N/CC(O)=O)C(NC1=S)=O)(=O)[O-]","㑆","nucleotide"
"308","3000000035X","(5S,6R)-5-fluoro-6-hydroxy-pseudouridine-5'-monophosphate","Unknown","FHU","[O-]P(OC[C@H]1O[C@@H]([C@@]2(F)C(=O)NC(=O)N[C@@H]2O)[C@H](O)[C@@H]1O)(=O)[O-]","㑅","nucleotide"
"309","3000000048X","(1S)-1,4-anhydro-1-(1-methyl-2,4-dioxo-1,2,3,4-tetrahydropyrimidin-5-yl)-5-O-phosphono-D-xylitol","Unknown","M1Y","[O-]P(OC[C@H]1O[C@H]([C@H](O)[C@H]1O)C1C(NC(=O)N(C=1)C)=O)(=O)[O-]","㑀","nucleotide"
"310","33551A","adenosine-3',5'-diphosphate","Adenosine","pAp","[O-]P(O[C@H]1[C@@H](O)[C@@H](O[C@@H]1COP(=O)([O-])[O-])[n]1c[n]c2c1[n]c[n]c2N)(=O)[O-]","","nucleotide"
"311","","2'-deoxycytidine-5'-monophosphate","Cytidine","","Nc1cc[n]([C@@H]2O[C@H](COP([O-])([O-])=O)[C@@H](O)C2)c(=O)n1","","nucleotide"
"312","","2'-deoxyuridine-5'-monophosphate","Uridine","","[C@@H]1([n]2ccc(=O)nc2=O)O[C@H](COP([O-])([O-])=O)[C@@H](O)C1","","nucleotide"
"313","3000000029C","cytosine arabinose-5'-phosphate","Cytidine","CAR","[O-]P(OC[C@H]1O[C@H]([C@@H](O)[C@@H]1O)N1C(N=C(N)C=C1)=O)(=O)[O-]","㐲","nucleotide"
"314","2000000069U","uracil arabinose-5'-phosphate","Uridine","UAR","[O-]P(OC[C@H]1O[C@H]([C@@H](O)[C@@H]1O)N1C(NC(=O)C=C1)=O)(=O)[O-]","㑔","nucleotide"
"315","3000000018A","adenine arabinose-5'-phosphate","Adenosine","A5O","[O-]P(OC[C@H]1O[C@H]([C@@H](O)[C@@H]1O)[n]1c[n]c2c1[n]c[n]c2N)(=O)[O-]","㐠","nucleotide"
"316","","9-(2-deoxy-2-fluoro-5-O-phosphono-beta-D-arabinofuranosyl)-9H-purin-6-amine","Adenosine","nn","[O-]P(OC[C@H]1O[C@H]([C@@H](F)[C@@H]1O)[n]1c[n]c2c1[n]c[n]c2N)(=O)[O-]","","nucleotide"
"317","552A","adenosine-5'-diphosphate","Adenosine","ppA","[O-][P@@](OC[C@H]1O[C@H]([C@H](O)[C@@H]1O)[n]1c[n]c2c1[n]c[n]c2N)(OP([O-])(=O)[O-])=O","か","nucleotide"
"318","","5-methyl-2'-deoxy-cytidine-5'-monophosphate","Cytidine","","Nc1c(C)c[n]([C@@H]2O[C@H](COP([O-])([O-])=O)[C@@H](O)C2)c(=O)n1","","nucleotide"
"319","3000000033C","2'-deoxy-2'-fluorocytidine 5'-(dihydrogen phosphate)","Cytidine","CFZ","[O-]P(OC[C@H]1O[C@H]([C@H](F)[C@@H]1O)N1C(N=C(N)C=C1)=O)(=O)[O-]","㐄","nucleotide"
"320","3000000071U","2'-deoxy-2'-fluorouridine 5'-(dihydrogen phosphate)","Uridine","UFT","[O-]P(OC[C@H]1O[C@H]([C@H](F)[C@@H]1O)N1C(NC(=O)C=C1)=O)(=O)[O-]","㐋","nucleotide"
"322","1000000076X","1-(2-deoxy-5-O-phosphono-beta-D-erythro-pentofuranosyl)-5-methyl-2-selanylpyrimidin-4(1H)-one","Unknown","US3","[O-]P(OC[C@H]1O[C@H](C[C@@H]1O)N1C([SeH])=NC(=O)C(=C1)C)(=O)[O-]","㑖","nucleotide"
"323","3000000032C","4-amino-1-(2-deoxy-2-fluoro-5-O-phosphono-beta-D-arabinofuranosyl)pyrimidin-2(1H)-one","Cytidine","CFL","[O-]P(OC[C@H]1O[C@H]([C@@H](F)[C@@H]1O)N1C(N=C(N)C=C1)=O)(=O)[O-]","㐅","nucleotide"
"324","3000000073U","2'-methylselenyl-2'-deoxyuridine-5'-phosphate","Uridine","UMS","[O-]P(OC[C@H]1O[C@@H](N2C(=O)NC(=O)C=C2)[C@@H]([C@@H]1O)[Se]C)(=O)[O-]","㐌","nucleotide"
"325","","N6-dimethyl-3'-amino-adenosine-5'-monophosphate","Adenosine","mm","[O-]P(OC[C@H]1O[C@H]([C@H](O)[C@@H]1N)[n]1c[n]c2c1[n]c[n]c2N(C)C)(=O)[O-]","","nucleotide"
"326","3000000036G","guanosine-P3-adenosine-5',5'-triphosphate","Guanosine","G3A","[O-][P@](OC[C@H]1O[C@@H]([n]2c3N=C(N)NC(=O)c3[n]c2)[C@H](O)[C@@H]1O)(O[P@@]([O-])(O[P@]([O-])(OC[C@H]1O[C@H]([C@H](O)[C@@H]1O)[n]1c[n]c2c1[n]c[n]c2N)=O)=O)=O","㐽","nucleotide"
"327","2000000059X","D-ribofuranosyl-benzene-5'-monophosphate","Unknown","PYY","[O-]P(OC[C@H]1O[C@H]([C@H](O)[C@@H]1O)c1ccccc1)(=O)[O-]","㐥","nucleotide"
"328","","5-bromo-2'-deoxy uridine","Uridine","nnoiiu","[C@@H]1([n]2cc(Br)c(=O)nc2=O)O[C@H](CO)[C@@H](O)C1","","nucleoside"
"329","2000000016X","8-aza-nebularine-5'-monophosphate","Unknown","8AZ","[O-]P(OC[C@H]1O[C@H]([C@H](O)[C@@H]1O)[n]1c2c([C@@H](O)NC=N2)[n][n]1)(=O)[O-]","㐘","nucleotide"
"330","4000000041G","guanosine-5'-thio-monophosphate","Guanosine","GS","NC1=Nc2c(ncn2[C@H]2C[C@H](O)[C@@H](COP([O-])([S-])=O)O2)C(=O)N1","㐼","nucleotide"
"333","4553N","adenosine triphosphate 5' cap (cap A)","Adenosine, Cytidine, Guanosine, Uridine","ApppN","","","nucleotide"
"334","4554N","adenosine tetraphosphate 5' cap (cap Ap4N)","Adenosine, Cytidine, Guanosine, Uridine","AppppN","","","nucleotide"
"335","4555N","adenosine pentaphosphate 5' cap (cap Ap5N)","Adenosine, Cytidine, Guanosine, Uridine","ApppppN","","","nucleotide"
"336","64553N","N6-methyl-adenosine triphosphate 5' cap (cap A)","Adenosine, Cytidine, Guanosine, Uridine","m6ApppN","","","nucleotide"
"337","64554N","N6-methyl-adenosine tetraphosphate 5' cap (cap Ap4N)","Adenosine, Cytidine, Guanosine, Uridine","m6AppppN","","","nucleotide"
"338","64555N","N6-methyl-adenosine pentaphosphate 5' cap (cap Ap5N)","Adenosine, Cytidine, Guanosine, Uridine","m6ApppppN","","","nucleotide"
"339","79554N","N7-methyl-guanosine  tetraphosphate 5' cap (cap m7Gp4N)","Adenosine, Cytidine, Guanosine, Uridine","m7GppppN","","","nucleotide"
"340","01551A","1,2'-O-dimethyladenosine-5'-monophosphate","Adenosine","pm1Am","CO[C@@H]1[C@H](O)[C@@H](COP(=O)([O-])[O-])O[C@H]1[n]1cnc2c(=N)[n](C)cnc12","","nucleotide"
"341","01551G","1,2'-O-dimethylguanosine-5'-monophosphate","Guanosine","pm1Gm","CO[C@@H]1[C@H](O)[C@@H](COP(=O)([O-])[O-])O[C@H]1[n]1cnc2c(=O)[n](C)c(N)nc12","ε","nucleotide"
"342","019551A","1,2'-O-dimethylinosine-5'-monophosphate","Adenosine","pm1Im","CO[C@@H]1[C@H](O)[C@@H](COP(=O)([O-])[O-])O[C@H]1[n]1cnc2c(=O)[n](C)cnc12","ξ","nucleotide"
"343","1309551U","1-methyl-3-(3-amino-3-carboxypropyl)pseudouridine-5'-monophosphate","Uridine","pm1acp3Y","C[n]1cc([C@@H]2O[C@H](COP(=O)([O-])[O-])[C@@H](O)[C@H]2O)c(=O)[n](CCC(N)C(=O)O)c1=O","α","nucleotide"
"344","19551A","1-methylinosine-5'-monophosphate","Adenosine","pm1I","C[n]1cnc2c(nc[n]2[C@@H]2O[C@H](COP(=O)([O-])[O-])[C@@H](O)[C@H]2O)c1=O","O","nucleotide"
"345","19551U","1-methylpseudouridine-5'-monophosphate","Uridine","pm1Y","C[n]1cc([C@@H]2O[C@H](COP(=O)([O-])[O-])[C@@H](O)[C@H]2O)c(=O)[nH]c1=O","]","nucleotide"
"346","21551C","2-lysidine-5'-monophosphate","Cytidine","pk2C","Nc1cc[n]([C@@H]2O[C@H](COP(=O)([O-])[O-])[C@@H](O)[C@H]2O)c(=NCCCC[C@H](N)C(=O)O)n1","}","nucleotide"
"347","2551C","2-thiocytidine-5'-monophosphate","Cytidine","ps2C","Nc1cc[n]([C@@H]2O[C@H](COP(=O)([O-])[O-])[C@@H](O)[C@H]2O)c(=S)n1","%","nucleotide"
"348","1309551U","3-(3-amino-3-carboxypropyl)pseudouridine-5'-monophosphate","Uridine","pacp3Y","NC(CC[n]1c(=O)[nH]cc([C@@H]2O[C@H](COP(=O)([O-])[O-])[C@@H](O)[C@H]2O)c1=O)C(=O)O","","nucleotide"
"349","39551U","3-methylpseudouridine-5'-monophosphate","Uridine","pm3Y","C[n]1c(=O)[nH]cc([C@@H]2O[C@H](COP(=O)([O-])[O-])[C@@H](O)[C@H]2O)c1=O","Κ","nucleotide"
"350","05551C","5,2'-O-dimethylcytidine-5'-monophosphate","Cytidine","pm5Cm","CO[C@@H]1[C@H](O)[C@@H](COP(=O)([O-])[O-])O[C@H]1[n]1cc(C)c(N)nc1=O","","nucleotide"
"351","522551U","5-(carboxyhydroxymethyl)uridine methyl ester-5'-monophosphate","Uridine","pmchm5U","COC(=O)C(O)c1c[n]([C@@H]2O[C@H](COP(=O)([O-])[O-])[C@@H](O)[C@H]2O)c(=O)[nH]c1=O",",","nucleotide"
"352","0583551U","5-(isopentenylaminomethyl)-2'-O-methyluridine-5'-monophosphate","Uridine","pinm5Um","CO[C@@H]1[C@H](O)[C@@H](COP(=O)([O-])[O-])O[C@H]1[n]1cc(CNCC=C(C)C)c(=O)[nH]c1=O","¼","nucleotide"
"353","2583551U","5-(isopentenylaminomethyl)-2-thiouridine-5'-monophosphate","Uridine","pinm5s2U","CC(C)=CCNCc1c[n]([C@@H]2O[C@H](COP(=O)([O-])[O-])[C@@H](O)[C@H]2O)c(=S)[nH]c1=O","","nucleotide"
"354","583551U","5-(isopentenylaminomethyl)uridine-5'-monophosphate","Uridine","pinm5U","CC(C)=CCNCc1c[n]([C@@H]2O[C@H](COP(=O)([O-])[O-])[C@@H](O)[C@H]2O)c(=O)[nH]c1=O","","nucleotide"
"355","510551U","5-aminomethyluridine-5'-monophosphate","Uridine","pnm5U","NCc1c[n]([C@@H]2O[C@H](COP(=O)([O-])[O-])[C@@H](O)[C@H]2O)c(=O)[nH]c1=O","∪","nucleotide"
"356","53551U","5-carbamoylmethyluridine-5'-monophosphate","Uridine","pncm5U","NC(=O)Cc1c[n]([C@@H]2O[C@H](COP(=O)([O-])[O-])[C@@H](O)[C@H]2O)c(=O)[nH]c1=O","&","nucleotide"
"357","520551U","5-carboxyhydroxymethyluridine-5'-monophosphate","Uridine","pchm5U","O=C(O)C(O)c1c[n]([C@@H]2O[C@H](COP(=O)([O-])[O-])[C@@H](O)[C@H]2O)c(=O)[nH]c1=O","≥","nucleotide"
"358","51551U","5-carboxymethylaminomethyluridine-5'-monophosphate","Uridine","pcmnm5U","O=C(O)CNCc1c[n]([C@@H]2O[C@H](COP(=O)([O-])[O-])[C@@H](O)[C@H]2O)c(=O)[nH]c1=O","!","nucleotide"
"359","52551U","5-carboxymethyluridine-5'-monophosphate","Uridine","pcm5U","O=C(O)Cc1c[n]([C@@H]2O[C@H](COP(=O)([O-])[O-])[C@@H](O)[C@H]2O)c(=O)[nH]c1=O","◊","nucleotide"
"360","50551U","5-hydroxyuridine-5'-monophosphate","Uridine","pho5U","O=c1[nH]c(=O)[n]([C@@H]2O[C@H](COP(=O)([O-])[O-])[C@@H](O)[C@H]2O)cc1O","","nucleotide"
"361","0521551U","5-methoxycarbonylmethyl-2'-O-methyluridine-5'-monophosphate","Uridine","pmcm5Um","COC(=O)Cc1c[n]([C@@H]2O[C@H](COP(=O)([O-])[O-])[C@@H](O)[C@H]2OC)c(=O)[nH]c1=O","∩","nucleotide"
"362","521551U","5-methoxycarbonylmethyluridine-5'-monophosphate","Uridine","pmcm5U","COC(=O)Cc1c[n]([C@@H]2O[C@H](COP(=O)([O-])[O-])[C@@H](O)[C@H]2O)c(=O)[nH]c1=O","1","nucleotide"
"363","501551U","5-methoxyuridine-5'-monophosphate","Uridine","pmo5U","COc1c[n]([C@@H]2O[C@H](COP(=O)([O-])[O-])[C@@H](O)[C@H]2O)c(=O)[nH]c1=O","5","nucleotide"
"364","58551U","5-methyldihydrouridine-5'-monophosphate","Uridine","pm5D","CC1CN([C@@H]2O[C@H](COP(=O)([O-])[O-])[C@@H](O)[C@H]2O)C(=O)NC1=O","","nucleotide"
"365","342551G","methylwyosine-5'-monophosphate","Guanosine","pmimG","Cc1nc2[n](C)c3c(c(=O)[n]2c1C)nc[n]3[C@@H]1O[C@H](COP(=O)([O-])[O-])[C@@H](O)[C@H]1O","","nucleotide"
"366","051551C","2'-O-methyl-5-hydroxymethylcytidine-5'-monophosphate","Cytidine","phm5Cm","CO[C@@H]1[C@H](O)[C@@H](COP(=O)([O-])[O-])O[C@H]1[n]1cc(CO)c(N)nc1=O","","nucleotide"
"367","09551A","2'-O-methylinosine-5'-monophosphate","Adenosine","pIm","CO[C@@H]1[C@H](O)[C@@H](COP(=O)([O-])[O-])O[C@H]1[n]1cnc2c(=O)[nH]cnc12","","nucleotide"
"368","09551U","2'-O-methylpseudouridine-5'-monophosphate","Uridine","pYm","CO[C@H]1[C@H](c2c[nH]c(=O)[nH]c2=O)O[C@H](COP(=O)([O-])[O-])[C@H]1O","Z","nucleotide"
"369","0503551U","2'-O-methyluridine 5-oxyacetic acid methyl ester-5'-monophosphate","Uridine","pmcmo5Um","COC(=O)COc1c[n]([C@@H]2O[C@H](COP(=O)([O-])[O-])[C@@H](O)[C@H]2OC)c(=O)[nH]c1=O","","nucleotide"
"370","00551G","2'-O-ribosylguanosine (phosphate)-5'-monophosphate","Guanosine","pGr(p)","Nc1nc(=O)c2c([n]([C@H]3[C@H](O[C@H]4[C@H](O)[C@H](O)[C@@H](COP(=O)([O-])[O-])O4)[C@H](O)[C@@H](COP(=O)([O-])[O-])O3)cn2)n1","ℑ","nucleotide"
"371","28551A","2,8-dimethyladenosine-5'-monophosphate","Adenosine","pm2,8A","Cc1nc(N)c2nc(C)[n]([C@@H]3O[C@H](COP(=O)([O-])[O-])[C@@H](O)[C@H]3O)c2n1","","nucleotide"
"372","21161551A","2- methylthiomethylenethio-N6-isopentenyl-adenosine-5'-monophosphate","Adenosine","pmsms2i6A","CSCSc1nc(NCC=C(C)C)c2nc[n]([C@@H]3O[C@H](COP(=O)([O-])[O-])[C@@H](O)[C@H]3O)c2n1","","nucleotide"
"373","21551U","2-geranylthiouridine-5'-monophosphate","Uridine","pges2U","CC(C)=CCC/C(/C)=C/CSc1nc(=O)cc[n]1[C@@H]1O[C@H](COP(=O)([O-])[O-])[C@@H](O)[C@H]1O","","nucleotide"
"374","2164551A","2-methylthio cyclic N6-threonylcarbamoyladenosine-5'-monophosphate","Adenosine","pms2ct6A","CSc1nc(C2C(=O)N[C@@H]([C@@H](C)O)C2=O)c2nc[n]([C@@H]3O[C@H](COP(=O)([O-])[O-])[C@@H](O)[C@H]3O)c2n1","","nucleotide"
"375","2160551A","2-methylthio-N6-(cis-hydroxyisopentenyl) adenosine-5'-monophosphate","Adenosine","pms2io6A","CSc1nc(NCC=C(C)CO)c2nc[n]([C@@H]3O[C@H](COP(=O)([O-])[O-])[C@@H](O)[C@H]3O)c2n1","≠","nucleotide"
"376","2163551A","2-methylthio-N6-hydroxynorvalylcarbamoyladenosine-5'-monophosphate","Adenosine","pms2hn6A","CCC(O)C(NC(=O)Nc1nc(SC)nc2c1nc[n]2[C@@H]1O[C@H](COP(=O)([O-])[O-])[C@@H](O)[C@H]1O)C(=O)O","","nucleotide"
"377","621551A","2-methylthio-N6-methyladenosine-5'-monophosphate","Adenosine","pms2m6A","CNc1nc(SC)nc2c1nc[n]2[C@@H]1O[C@H](COP(=O)([O-])[O-])[C@@H](O)[C@H]1O","","nucleotide"
"378","2162551A","2-methylthio-N6-threonylcarbamoyladenosine-5'-monophosphate","Adenosine","pms2t6A","CSc1nc(NC(=O)NC(C(=O)O)C(C)O)c2nc[n]([C@@H]3O[C@H](COP(=O)([O-])[O-])[C@@H](O)[C@H]3O)c2n1","[","nucleotide"
"379","02551U","2-thio-2'-O-methyluridine-5'-monophosphate","Uridine","ps2Um","CO[C@@H]1[C@H](O)[C@@H](COP(=O)([O-])[O-])O[C@H]1[n]1ccc(=O)[nH]c1=S","∏","nucleotide"
"380","03551U","3,2'-O-dimethyluridine-5'-monophosphate","Uridine","pm3Um","CO[C@@H]1[C@H](O)[C@@H](COP(=O)([O-])[O-])O[C@H]1[n]1ccc(=O)[n](C)c1=O","","nucleotide"
"381","308551U","3-(3-amino-3-carboxypropyl)-5,6-dihydrouridine-5'-monophosphate","Uridine","pacp3D","NC(CCN1C(=O)CCN([C@@H]2O[C@H](COP(=O)([O-])[O-])[C@@H](O)[C@H]2O)C1=O)C(=O)O","","nucleotide"
"382","30551U","3-(3-amino-3-carboxypropyl)uridine-5'-monophosphate","Uridine","pacp3U","NC(CC[n]1c(=O)cc[n]([C@@H]2O[C@H](COP(=O)([O-])[O-])[C@@H](O)[C@H]2O)c1=O)C(=O)O","","nucleotide"
"383","4551G","4-demethylwyosine-5'-monophosphate","Guanosine","pimG-14","Cc1c[n]2c(=O)c3nc[n]([C@@H]4O[C@H](COP(=O)([O-])[O-])[C@@H](O)[C@H]4O)c3[nH]c2n1","","nucleotide"
"384","0522551U","5-(carboxyhydroxymethyl)-2'-O-methyluridine methyl ester-5'-monophosphate","Uridine","pmchm5Um","COC(=O)C(O)c1c[n]([C@@H]2O[C@H](COP(=O)([O-])[O-])[C@@H](O)[C@H]2OC)c(=O)[nH]c1=O","","nucleotide"
"385","21510551U","5-aminomethyl-2-geranylthiouridine-5'-monophosphate","Uridine","pnm5ges2U","CC(C)=CCC/C(/C)=C/CSc1nc(=O)c(CN)c[n]1[C@@H]1O[C@H](COP(=O)([O-])[O-])[C@@H](O)[C@H]1O","Δ","nucleotide"
"386","20510551U","5-aminomethyl-2-selenouridine-5'-monophosphate","Uridine","pnm5se2U","NCc1c[n]([C@@H]2O[C@H](COP(=O)([O-])[O-])[C@@H](O)[C@H]2O)c(=[Se])[nH]c1=O","π","nucleotide"
"387","2510551U","5-aminomethyl-2-thiouridine-5'-monophosphate","Uridine","pnm5s2U","NCc1c[n]([C@@H]2O[C@H](COP(=O)([O-])[O-])[C@@H](O)[C@H]2O)c(=S)[nH]c1=O","∫","nucleotide"
"388","531551U","5-carbamoylhydroxymethyluridine-5'-monophosphate","Uridine","pnchm5U","NC(=O)C(O)c1c[n]([C@@H]2O[C@H](COP(=O)([O-])[O-])[C@@H](O)[C@H]2O)c(=O)[nH]c1=O","","nucleotide"
"389","053551U","5-carbamoylmethyl-2'-O-methyluridine-5'-monophosphate","Uridine","pncm5Um","CO[C@@H]1[C@H](O)[C@@H](COP(=O)([O-])[O-])O[C@H]1[n]1cc(CC(N)=O)c(=O)[nH]c1=O","","nucleotide"
"390","253551U","5-carbamoylmethyl-2-thiouridine-5'-monophosphate","Uridine","pncm5s2U","NC(=O)Cc1c[n]([C@@H]2O[C@H](COP(=O)([O-])[O-])[C@@H](O)[C@H]2O)c(=S)[nH]c1=O","l","nucleotide"
"391","2540551U","5-carboxymethyl-2-thiouridine-5'-monophosphate","Uridine","pcm5s2U","O=C(O)Cc1c[n]([C@@H]2O[C@H](COP(=O)([O-])[O-])[C@@H](O)[C@H]2O)c(=S)[nH]c1=O","℘","nucleotide"
"392","051551U","5-carboxymethylaminomethyl-2'-O-methyluridine-5'-monophosphate","Uridine","pcmnm5Um","CO[C@@H]1[C@H](O)[C@@H](COP(=O)([O-])[O-])O[C@H]1[n]1cc(CNCC(=O)O)c(=O)[nH]c1=O",")","nucleotide"
"393","2151551U","5-carboxymethylaminomethyl-2-geranylthiouridine-5'-monophosphate","Uridine","pcmnm5ges2U","CC(C)=CCC/C(/C)=C/CSc1nc(=O)c(CNCC(=O)O)c[n]1[C@@H]1O[C@H](COP(=O)([O-])[O-])[C@@H](O)[C@H]1O","f","nucleotide"
"394","2051551U","5-carboxymethylaminomethyl-2-selenouridine-5'-monophosphate","Uridine","pcmnm5se2U","O=C(O)CNCc1c[n]([C@@H]2O[C@H](COP(=O)([O-])[O-])[C@@H](O)[C@H]2O)c(=[Se])[nH]c1=O","⊥","nucleotide"
"395","251551U","5-carboxymethylaminomethyl-2-thiouridine-5'-monophosphate","Uridine","pcmnm5s2U","O=C(O)CNCc1c[n]([C@@H]2O[C@H](COP(=O)([O-])[O-])[C@@H](O)[C@H]2O)c(=S)[nH]c1=O","$","nucleotide"
"396","55551U","5-cyanomethyluridine-5'-monophosphate","Uridine","pcnm5U","N#CCc1c[n]([C@@H]2O[C@H](COP(=O)([O-])[O-])[C@@H](O)[C@H]2O)c(=O)[nH]c1=O","Ѷ","nucleotide"
"397","071551C","5-formyl-2'-O-methylcytidine-5'-monophosphate","Cytidine","pf5Cm","CO[C@@H]1[C@H](O)[C@@H](COP(=O)([O-])[O-])O[C@H]1[n]1cc(C=O)c(N)nc1=O","°","nucleotide"
"398","50551C","5-hydroxycytidine-5'-monophosphate","Cytidine","pho5C","Nc1nc(=O)[n]([C@@H]2O[C@H](COP(=O)([O-])[O-])[C@@H](O)[C@H]2O)cc1O","Ç","nucleotide"
"399","25551U","5-methyl-2-thiouridine-5'-monophosphate","Uridine","pm5s2U","Cc1c[n]([C@@H]2O[C@H](COP(=O)([O-])[O-])[C@@H](O)[C@H]2O)c(=S)[nH]c1=O","F","nucleotide"
"400","21511551U","5-methylaminomethyl-2-geranylthiouridine-5'-monophosphate","Uridine","pmnm5ges2U","CNCc1c[n]([C@@H]2O[C@H](COP(=O)([O-])[O-])[C@@H](O)[C@H]2O)c(SC/C=C(\C)/CCC=C(C)C)nc1=O","","nucleotide"
"401","20511551U","5-methylaminomethyl-2-selenouridine-5'-monophosphate","Uridine","pmnm5se2U","CNCc1c[n]([C@@H]2O[C@H](COP(=O)([O-])[O-])[C@@H](O)[C@H]2O)c(=[Se])[nH]c1=O","","nucleotide"
"402","2511551U","5-methylaminomethyl-2-thiouridine-5'-monophosphate","Uridine","pmnm5s2U","CNCc1c[n]([C@@H]2O[C@H](COP(=O)([O-])[O-])[C@@H](O)[C@H]2O)c(=S)[nH]c1=O","S","nucleotide"
"403","254551U","5-taurinomethyl-2-thiouridine-5'-monophosphate","Uridine","ptm5s2U","O=c1[nH]c(=S)[n]([C@@H]2O[C@H](COP(=O)([O-])[O-])[C@@H](O)[C@H]2O)cc1CNCCS(=O)(=O)O","∃","nucleotide"
"404","54551U","5-taurinomethyluridine-5'-monophosphate","Uridine","ptm5U","O=c1[nH]c(=O)[n]([C@@H]2O[C@H](COP(=O)([O-])[O-])[C@@H](O)[C@H]2O)cc1CNCCS(=O)(=O)O","Ê","nucleotide"
"405","47551G","7-aminocarboxypropyl-demethylwyosine-5'-monophosphate","Guanosine","pyW-86","Cc1nc2[nH]c3c(c(=O)[n]2c1CCC(N)C(=O)O)nc[n]3[C@@H]1O[C@H](COP(=O)([O-])[O-])[C@@H](O)[C@H]1O","","nucleotide"
"406","347551G","7-aminocarboxypropylwyosine-5'-monophosphate","Guanosine","pyW-72","Cc1nc2[n](C)c3c(c(=O)[n]2c1CCC(N)C(=O)O)nc[n]3[C@@H]1O[C@H](COP(=O)([O-])[O-])[C@@H](O)[C@H]1O","","nucleotide"
"407","348551G","7-aminocarboxypropylwyosine methyl ester-5'-monophosphate","Guanosine","pyW-58","COC(=O)C(N)CCc1c(C)nc2[n](C)c3c(c(=O)[n]12)nc[n]3[C@@H]1O[C@H](COP(=O)([O-])[O-])[C@@H](O)[C@H]1O","","nucleotide"
"408","101551G","7-aminomethyl-7-deazaguanosine-5'-monophosphate","Guanosine","ppreQ1","NCc1c[n]([C@@H]2O[C@H](COP(=O)([O-])[O-])[C@@H](O)[C@H]2O)c2nc(N)[nH]c(=O)c12","","nucleotide"
"409","100551G","7-cyano-7-deazaguanosine-5'-monophosphate","Guanosine","ppreQ0","N#Cc1c[n]([C@@H]2O[C@H](COP(=O)([O-])[O-])[C@@H](O)[C@H]2O)c2nc(N)[nH]c(=O)c12","","nucleotide"
"410","8551A","8-methyladenosine-5'-monophosphate","Adenosine","pm8A","Cc1nc2c(N)ncnc2[n]1[C@@H]1O[C@H](COP(=O)([O-])[O-])[C@@H](O)[C@H]1O","","nucleotide"
"411","20551C","agmatidine-5'-monophosphate","Cytidine","pC+","N=C(N)NCCCCNc1nc(=N)cc[n]1[C@@H]1O[C@H](COP(=O)([O-])[O-])[C@@H](O)[C@H]1O","","nucleotide"
"412","103551G","archaeosine-5'-monophosphate","Guanosine","pG+","N=C(N)c1c[n]([C@@H]2O[C@H](COP(=O)([O-])[O-])[C@@H](O)[C@H]2O)c2nc(N)[nH]c(=O)c12","(","nucleotide"
"413","69551A","cyclic N6-threonylcarbamoyladenosine-5'-monophosphate","Adenosine","pct6A","CC(O)C1NC(=Nc2ncnc3c2nc[n]3[C@@H]2O[C@H](COP(=O)([O-])[O-])[C@@H](O)[C@H]2O)OC1=O","","nucleotide"
"414","102551G","epoxyqueuosine-5'-monophosphate","Guanosine","poQ","Nc1nc2c(c(CN[C@H]3C4OC4[C@H](O)[C@@H]3O)c[n]2[C@@H]2O[C@H](COP(=O)([O-])[O-])[C@@H](O)[C@H]2O)c(=O)[nH]1","","nucleotide"
"415","104551G","galactosyl-queuosine-5'-monophosphate","Guanosine","pgalQ","Nc1nc2c(c(CN[C@H]3C=C[C@H](O)[C@@H]3O[C@@H]3OC(CO)[C@H](O)[C@@H](O)C3O)c[n]2[C@@H]2O[C@H](COP(=O)([O-])[O-])[C@@H](O)[C@H]2O)c(=O)[nH]1","9","nucleotide"
"416","105551G","glutamyl-queuosine-5'-monophosphate","Guanosine","pgluQ","Nc1nc2c(c(CN[C@H]3C=C[C@H](O)[C@@H]3OC(=O)C(N)CCC(=O)O)c[n]2[C@@H]2O[C@H](COP(=O)([O-])[O-])[C@@H](O)[C@H]2O)c(=O)[nH]1","⊄","nucleotide"
"417","2165551A","hydroxy-N6-threonylcarbamoyladenosine-5'-monophosphate","Adenosine","pht6A","O=C(Nc1ncnc2c1nc[n]2[C@@H]1O[C@H](COP(=O)([O-])[O-])[C@@H](O)[C@H]1O)NC(C(=O)O)C(O)CO","","nucleotide"
"418","34830551G","hydroxywybutosine-5'-monophosphate","Guanosine","pOHyW","COC(=O)NC(C(=O)OC)C(O)Cc1c(C)nc2[n](C)c3c(c(=O)[n]12)nc[n]3[C@@H]1O[C@H](COP(=O)([O-])[O-])[C@@H](O)[C@H]1O","","nucleotide"
"419","42551G","isowyosine-5'-monophosphate","Guanosine","pimG2","Cc1nc2[nH]c3c(c(=O)[n]2c1C)nc[n]3[C@@H]1O[C@H](COP(=O)([O-])[O-])[C@@H](O)[C@H]1O","","nucleotide"
"420","106551G","mannosyl-queuosine-5'-monophosphate","Guanosine","pmanQ","Nc1nc2c(c(CN[C@H]3C=C[C@H](O)[C@@H]3O[C@@H]3OC(CO)[C@@H](O)[C@@H](O)C3O)c[n]2[C@@H]2O[C@H](COP(=O)([O-])[O-])[C@@H](O)[C@H]2O)c(=O)[nH]1","8","nucleotide"
"421","3480551G","methylated undermodified hydroxywybutosine-5'-monophosphate","Guanosine","pOHyWy","COC(=O)C(N)C(O)Cc1c(C)nc2[n](C)c3c(c(=O)[n]12)nc[n]3[C@@H]1O[C@H](COP(=O)([O-])[O-])[C@@H](O)[C@H]1O","","nucleotide"
"422","34832551G","peroxywybutosine-5'-monophosphate","Queuosine (QtRNA)","po2yW","COC(=O)NC(C(=O)OC)C(Cc1c(C)nc2[n](C)c3c(c(=O)[n]12)nc[n]3[C@@H]1O[C@H](COP(=O)([O-])[O-])[C@@H](O)[C@H]1O)OO","Ŵ","nucleotide"
"423","10551G","queuosine-5'-monophospate","Guanosine","pQ","Nc1nc2c(c(CN[C@H]3C=C[C@H](O)[C@@H]3O)c[n]2[C@@H]2O[C@H](COP(=O)([O-])[O-])[C@@H](O)[C@H]2O)c(=O)[nH]1","Q","nucleotide"
"424","3470551G","undermodified hydroxywybutosine-5'-monophospate","Guanosine","pOHyWx","Cc1nc2[n](C)c3c(c(=O)[n]2c1CC(O)C(N)C(=O)O)nc[n]3[C@@H]1O[C@H](COP(=O)([O-])[O-])[C@@H](O)[C@H]1O","","nucleotide"
"425","503551U","uridine 5-oxyacetic acid methyl ester-5'-monophospate","Uridine","pmcmo5U","COC(=O)COc1c[n](C2O[C@H](COP(=O)([O-])[O-])[C@@H](O)[C@H]2O)c(=O)[nH]c1=O","","nucleotide"
"426","34551G","wyosine-5'-monophospate","Guanosine","pimG","Cc1c[n]2c(=O)c3nc[n]([C@@H]4O[C@H](COP(=O)([O-])[O-])[C@@H](O)[C@H]4O)c3[n](C)c2n1","","nucleotide"
"427","044551C","N4,N4,2'-O-trimethylcytidine-5'-monophospate","Cytidine","pm4,4Cm","CO[C@@H]1[C@H](O)[C@@H](COP(=O)([O-])[O-])O[C@H]1[n]1ccc(N(C)C)nc1=O","","nucleotide"
"428","02551G","N2,2'-O-dimethylguanosine-5'-monophospate","Guanosine","pm2Gm","CNc1nc2c(nc[n]2[C@@H]2O[C@H](COP(=O)([O-])[O-])[C@@H](O)[C@H]2OC)c(=O)[nH]1","","nucleotide"
"429","022551G","N2,N2,2'-O-trimethylguanosine-5'-monophospate","Guanosine","pm2,2Gm","CO[C@@H]1[C@H](O)[C@@H](COP(=O)([O-])[O-])O[C@H]1[n]1cnc2c(=O)[nH]c(N(C)C)nc12","|","nucleotide"
"430","06551A","N6,2'-O-dimethyladenosine-5'-monophospate","Adenosine","pm6Am","CNc1ncnc2c1nc[n]2[C@@H]1O[C@H](COP(=O)([O-])[O-])[C@@H](O)[C@H]1OC","χ","nucleotide"
"431","066551A","N6,N6,2'-O-trimethyladenosine-5'-monophospate","Adenosine","pm6,6Am","CO[C@@H]1[C@H](O)[C@@H](COP(=O)([O-])[O-])O[C@H]1[n]1cnc2c(N(C)C)ncnc12","","nucleotide"
"432","60551A","N6-(cis-hydroxyisopentenyl)adenosine-5'-monophospate","Adenosine","pio6A","CC(=CCNc1ncnc2c1nc[n]2[C@@H]1O[C@H](COP(=O)([O-])[O-])[C@@H](O)[C@H]1O)CO","`","nucleotide"
"433","64551A","N6-acetyladenosine-5'-monophospate","Adenosine","pac6A","CC(=O)Nc1ncnc2c1nc[n]2[C@@H]1O[C@H](COP(=O)([O-])[O-])[C@@H](O)[C@H]1O","","nucleotide"
"434","67551A","N6-formyladenosine-5'-monophospate","Adenosine","pf6A","O=CNc1ncnc2c1nc[n]2[C@@H]1O[C@H](COP(=O)([O-])[O-])[C@@H](O)[C@H]1O","","nucleotide"
"435","65551A","N6-glycinylcarbamoyladenosine-5'-monophosphate","Adenosine","pg6A","O=C(O)CNC(=O)Nc1ncnc2c1nc[n]2[C@@H]1O[C@H](COP(=O)([O-])[O-])[C@@H](O)[C@H]1O","","nucleotide"
"436","68551A","N6-hydroxymethyladenosine-5'-monophosphate","Adenosine","phm6A","O=P([O-])([O-])OC[C@H]1O[C@@H]([n]2cnc3c(NCO)ncnc23)[C@H](O)[C@@H]1O","","nucleotide"
"437","63551A","N6-hydroxynorvalylcarbamoyladenosine-5'-monophosphate","Adenosine","phn6A","CCC(O)C(NC(=O)Nc1ncnc2c1nc[n]2[C@@H]1O[C@H](COP(=O)([O-])[O-])[C@@H](O)[C@H]1O)C(=O)O","","nucleotide"
"440","27551G","N2,7-dimethylguanosine-5'-monophosphate","Guanosine","pm2,7G","CNc1nc(=O)c2c([n]([C@H]3[C@H](O)[C@H](O)[C@@H](COP(=O)([O-])[O-])O3)c[n+]2C)n1","","nucleotide"
"441","227551G","N2,N2,7-trimethylguanosine-5'-monophosphate","Guanosine","pm2,2,7G","CN(c1nc(=O)c2c([n]([C@H]3[C@H](O)[C@H](O)[C@@H](COP(=O)([O-])[O-])O3)c[n+]2C)n1)C","","nucleotide"
"442","027551G","N2,7,2'-O-trimethylguanosine-5'-monophosphate","Guanosine","pm2,7Gm","CNc1nc(=O)c2c([n]([C@H]3[C@H](OC)[C@H](O)[C@@H](COP(=O)([O-])[O-])O3)c[n+]2C)n1","","nucleotide"
"443","","[(2R,3S,5R)-5-(5-Bromo-2,4-dioxopyrimidin-1-yl)-3-hydroxyoxolan-2-yl]methyl phosphate","Uridine",",j","O[C@@H]1[C@@H](COP(=O)([O-])[O-])O[C@@H]([n]2c(=O)[nH]c(=O)c(Br)c2)C1","","nucleotide"
"444","551A","adenosine-5'-monophosphate","Adenosine","pA","Nc1c2c([n]([C@H]3[C@H](O)[C@H](O)[C@@H](COP(=O)([O-])[O-])O3)cn2)ncn1","A","nucleotide"