"ID","MODOMICS code","Name","Reference NucleoBase","Short Name","New RNAMods code","Old RNAMods code","Moiety type"
"2","05C","5,2'-O-dimethylcytidine","Cytidine","m5Cm","τ","τ","nucleoside"
"3","25U","5-methyl-2-thiouridine","Uridine","m5s2U","F","F","nucleoside"
"4","27G","N2,7-dimethylguanosine","Guanosine","m2,7G","∨","∨","nucleoside"
"5","621A","2-methylthio-N6-methyladenosine","Adenosine","ms2m6A","∞","∞","nucleoside"
"6","102G","epoxyqueuosine","Guanosine","oQ","ς","ς","nucleoside"
"7","74U","4-thiouridine","Uridine","s4U","4","4","nucleoside"
"8","1309U","1-methyl-3-(3-amino-3-carboxypropyl)pseudouridine","Uridine","m1acp3Y","α","α","nucleoside"
"9","4C","N4-methylcytidine","Cytidine","m4C","ν","ν","nucleoside"
"10","60A","N6-(cis-hydroxyisopentenyl)adenosine","Adenosine","io6A","Ỽ","`","nucleoside"
"11","2540U","5-carboxymethyl-2-thiouridine","Uridine","cm5s2U","℘","℘","nucleoside"
"12","5U","5-methyluridine","Uridine","m5U","T","T","nucleoside"
"13","22G","N2,N2-dimethylguanosine","Guanosine","m2,2G","R","R","nucleoside"
"14","8U","dihydrouridine","Uridine","D","D","D","nucleoside"
"15","44C","N4,N4-dimethylcytidine","Cytidine","m4,4C","μ","μ","nucleoside"
"16","662A","N6-methyl-N6-threonylcarbamoyladenosine","Adenosine","m6t6A","E","E","nucleoside"
"17","58U","5-methyldihydrouridine","Uridine","m5D","ρ","ρ","nucleoside"
"18","5C","5-methylcytidine","Cytidine","m5C","?","?","nucleoside"
"19","63A","N6-hydroxynorvalylcarbamoyladenosine","Adenosine","hn6A","√","√","nucleoside"
"20","00A","2'-O-ribosyladenosine (phosphate)","Adenosine","Ar(p)","ʩ","^","nucleoside"
"21","54U","5-taurinomethyluridine","Uridine","tm5U","ʭ","Ê","nucleoside"
"22","1G","1-methylguanosine","Guanosine","m1G","K","K","nucleoside"
"23","051U","5-carboxymethylaminomethyl-2'-O-methyluridine","Uridine","cmnm5Um",")",")","nucleoside"
"25","0X","unknown nucleoside 2'-O-methylated","Unknown","Xm","Ѩ","Î","nucleoside"
"26","19A","1-methylinosine","Adenosine","m1I","O","O","nucleoside"
"27","521U","5-methoxycarbonylmethyluridine","Uridine","mcm5U","1","1","nucleoside"
"28","0G","2'-O-methylguanosine","Guanosine","Gm","#","#","nucleoside"
"29","053U","5-carbamoylmethyl-2'-O-methyluridine","Uridine","ncm5Um","~","~","nucleoside"
"30","3483G","wybutosine","Guanosine","yW","Y","Y","nucleoside"
"31","71C","5-formylcytidine","Cytidine","f5C",">",">","nucleoside"
"32","01A","1,2'-O-dimethyladenosine","Adenosine","m1Am","œ","œ","nucleoside"
"33","019A","1,2'-O-dimethylinosine","Adenosine","m1Im","ξ","ξ","nucleoside"
"34","00G","2'-O-ribosylguanosine (phosphate)","Guanosine","Gr(p)","ℑ","ℑ","nucleoside"
"35","2510U","5-aminomethyl-2-thiouridine","Uridine","nm5s2U","∫","∫","nucleoside"
"36","2G","N2-methylguanosine","Guanosine","m2G","L","L","nucleoside"
"37","2A","2-methyladenosine","Adenosine","m2A","ɿ","/","nucleoside"
"38","G","guanosine","Guanosine","G","G","G","nucleoside"
"39","04C","N4,2'-O-dimethylcytidine","Cytidine","m4Cm","λ","Λ","nucleoside"
"40","022G","N2,N2,2'-O-trimethylguanosine","Guanosine","m2,2Gm","|","|","nucleoside"
"41","66A","N6,N6-dimethyladenosine","Adenosine","m6,6A","ζ","ζ","nucleoside"
"42","105G","glutamyl-queuosine","Guanosine","gluQ","⊄","⊄","nucleoside"
"43","53U","5-carbamoylmethyluridine","Uridine","ncm5U","&","&","nucleoside"
"44","52U","5-carboxymethyluridine","Uridine","cm5U","◊","◊","nucleoside"
"45","251U","5-carboxymethylaminomethyl-2-thiouridine","Uridine","cmnm5s2U","$","$","nucleoside"
"46","C","cytidine","Cytidine","C","C","C","nucleoside"
"47","502U","uridine 5-oxyacetic acid","Uridine","cmo5U","V","V","nucleoside"
"48","39U","3-methylpseudouridine","Uridine","m3Y","Ƒ","Κ","nucleoside"
"49","3U","3-methyluridine","Uridine","m3U","δ","δ","nucleoside"
"50","0U","2'-O-methyluridine","Uridine","Um","J","J","nucleoside"
"51","2161A","2-methylthio-N6-isopentenyladenosine","Adenosine","ms2i6A","*","*","nucleoside"
"52","3C","3-methylcytidine","Cytidine","m3C","Щ","'","nucleoside"
"54","2051U","5-carboxymethylaminomethyl-2-selenouridine","Uridine","cmnm5se2U","⊥","⊥","nucleoside"
"55","2162A","2-methylthio-N6-threonylcarbamoyladenosine","Adenosine","ms2t6A","[","[","nucleoside"
"56","61A","N6-isopentenyladenosine","Adenosine","i6A","Ч","+","nucleoside"
"57","03U","3,2'-O-dimethyluridine","Uridine","m3Um","σ","σ","nucleoside"
"58","503U","uridine 5-oxyacetic acid methyl ester","Uridine","mcmo5U","υ","υ","nucleoside"
"59","342G","methylwyosine","Guanosine","mimG","∑","∑","nucleoside"
"60","U","uridine","Uridine","U","U","U","nucleoside"
"61","101000G","7-aminomethyl-7-carbaguanine","Guanosine","preQ1base","∇","∇","base"
"62","20510U","5-aminomethyl-2-selenouridine","Uridine","nm5se2U","π","π","nucleoside"
"63","01G","1,2'-O-dimethylguanosine","Guanosine","m1Gm","ε","ε","nucleoside"
"64","50U","5-hydroxyuridine","Uridine","ho5U","∝","∝","nucleoside"
"65","10G","queuosine","Guanosine","Q","Q","Q","nucleoside"
"66","?G","unknown modified guanosine","Guanosine","xG","ʆ",";","nucleoside"
"68","2521U","5-methoxycarbonylmethyl-2-thiouridine","Uridine","mcm5s2U","3","3","nucleoside"
"69","044C","N4,N4,2'-O-trimethylcytidine","Cytidine","m4,4Cm","β","β","nucleoside"
"70","?C","unknown modified cytidine","Cytidine","xC","Ѵ","<","nucleoside"
"71","47G","7-aminocarboxypropyl-demethylwyosine","Guanosine","yW-86","¥","¥","nucleoside"
"72","?A","unknown modified adenosine","Adenosine","xA","H","H","nucleoside"
"73","520U","5-carboxyhydroxymethyluridine","Uridine","chm5U","≥","≥","nucleoside"
"74","501U","5-methoxyuridine","Uridine","mo5U","5","5","nucleoside"
"75","30U","3-(3-amino-3-carboxypropyl)uridine","Uridine","acp3U","X","X","nucleoside"
"76","?U","unknown modified uridine","Uridine","xU","N","N","nucleoside"
"77","347G","7-aminocarboxypropylwyosine","Guanosine","yW-72","Ω","Ω","nucleoside"
"78","20511U","5-methylaminomethyl-2-selenouridine","Uridine","mnm5se2U","≅","≅","nucleoside"
"79","2163A","2-methylthio-N6-hydroxynorvalylcarbamoyladenosine","Adenosine","ms2hn6A","≈","≈","nucleoside"
"80","0521U","5-methoxycarbonylmethyl-2'-O-methyluridine","Uridine","mcm5Um","∩","∩","nucleoside"
"81","42C","N4-acetylcytidine","Cytidine","ac4C","M","M","nucleoside"
"82","06A","N6,2'-O-dimethyladenosine","Adenosine","m6Am","χ","χ","nucleoside"
"83","1A","1-methyladenosine","Adenosine","m1A","Ѣ","""","nucleoside"
"84","0C","2'-O-methylcytidine","Cytidine","Cm","B","B","nucleoside"
"85","522U","5-(carboxyhydroxymethyl)uridine methyl ester","Uridine","mchm5U","ɮ",",","nucleoside"
"86","104G","galactosyl-queuosine","Guanosine","galQ","9","9","nucleoside"
"87","51U","5-carboxymethylaminomethyluridine","Uridine","cmnm5U","!","!","nucleoside"
"88","19U","1-methylpseudouridine","Uridine","m1Y","]","]","nucleoside"
"89","42G","isowyosine","Guanosine","imG2","⊇","⊇","nucleoside"
"90","106G","mannosyl-queuosine","Guanosine","manQ","8","8","nucleoside"
"91","254U","5-taurinomethyl-2-thiouridine","Uridine","tm5s2U","ƕ","∃","nucleoside"
"92","2C","2-thiocytidine","Cytidine","s2C","ʤ","%","nucleoside"
"93","3470G","undermodified hydroxywybutosine","Guanosine","OHyWx","š","š","nucleoside"
"94","20U","2-selenouridine","Uridine","se2U","ω","ω","nucleoside"
"95","100000G","7-cyano-7-carbaguanine","Guanosine","preQ0base","ψ","ψ","base"
"96","6A","N6-methyladenosine","Adenosine","m6A","Ж","=","nucleoside"
"97","34830G","hydroxywybutosine","Guanosine","OHyW","⊆","⊆","nucleoside"
"98","X","unknown modification","Unknown","xX","Ѯ","@","nucleoside"
"99","103G","archaeosine","Guanosine","G+","(","(","nucleoside"
"100","2U","2-thiouridine","Uridine","s2U","2","2","nucleoside"
"101","21C","2-lysidine","Cytidine","k2C","}","}","nucleoside"
"102","02G","N2,2'-O-dimethylguanosine","Guanosine","m2Gm","γ","γ","nucleoside"
"103","09U","2'-O-methylpseudouridine","Uridine","Ym","Z","Ζ","nucleoside"
"104","071C","5-formyl-2'-O-methylcytidine","Cytidine","f5Cm","°","°","nucleoside"
"105","10000G","queuine","Guanosine","Qbase","∴","∴","base"
"106","042C","N4-acetyl-2'-O-methylcytidine","Cytidine","ac4Cm","ℵ","ℵ","nucleoside"
"108","4G","4-demethylwyosine","Guanosine","imG-14","†","†","nucleoside"
"109","A","adenosine","Adenosine","A","A","A","nucleoside"
"110","2511U","5-methylaminomethyl-2-thiouridine","Uridine","mnm5s2U","S","S","nucleoside"
"111","227G","N2,N2,7-trimethylguanosine","Guanosine","m2,2,7G","∠","∠","nucleoside"
"112","348G","7-aminocarboxypropylwyosine methyl ester","Guanosine","yW-58","⇑","⇑","nucleoside"
"113","9A","inosine","Adenosine","I","I","I","nucleoside"
"114","65A","N6-glycinylcarbamoyladenosine","Adenosine","g6A","≡","≡","nucleoside"
"115","510U","5-aminomethyluridine","Uridine","nm5U","∪","∪","nucleoside"
"116","7G","7-methylguanosine","Guanosine","m7G","7","7","nucleoside"
"117","02U","2-thio-2'-O-methyluridine","Uridine","s2Um","∏","∏","nucleoside"
"118","9U","pseudouridine","Uridine","Y","P","P","nucleoside"
"119","51C","5-hydroxymethylcytidine","Cytidine","hm5C","∅","∅","nucleoside"
"120","100G","7-cyano-7-deazaguanosine","Guanosine","preQ0","φ","φ","nucleoside"
"121","34832G","peroxywybutosine","Guanosine","o2yW","W","W","nucleoside"
"122","05U","5,2'-O-dimethyluridine","Uridine","m5Um","Ħ","\","nucleoside"
"123","101G","7-aminomethyl-7-deazaguanosine","Guanosine","preQ1","∉","∉","nucleoside"
"124","066A","N6,N6,2'-O-trimethyladenosine","Adenosine","m6,6Am","η","η","nucleoside"
"125","64A","N6-acetyladenosine","Adenosine","ac6A","⇓","⇓","nucleoside"
"126","2160A","2-methylthio-N6-(cis-hydroxyisopentenyl) adenosine","Adenosine","ms2io6A","≠","≠","nucleoside"
"127","0A","2'-O-methyladenosine","Adenosine","Am","ʍ",":","nucleoside"
"128","09A","2'-O-methylinosine","Adenosine","Im","Ш","≤","nucleoside"
"129","511U","5-methylaminomethyluridine","Uridine","mnm5U","{","{","nucleoside"
"130","62A","N6-threonylcarbamoyladenosine","Adenosine","t6A","6","6","nucleoside"
"131","8A","8-methyladenosine","Adenosine","m8A","â","â","nucleoside"
"132","79553N","N7-methyl-guanosine cap (cap 0)","Adenosine, Uridine, Cytidine, Guanosine","m7GpppN","©","©","nucleotide"
"133","279553N","N2,7-dimethylguanosine cap (cap DMG)","Adenosine, Uridine, Cytidine, Guanosine","m2,7GpppN","®","®","nucleotide"
"134","2279553N","N2,N2,7-trimethylguanosine cap (cap TMG)","Adenosine, Uridine, Cytidine, Guanosine","m2,2,7GpppN","¶","¶","nucleotide"
"135","1553N","gamma-methyltriphosphate 5' cap","Adenosine, Uridine, Cytidine, Guanosine","mpppN","§","§","nucleotide"
"136","28A","2,8-dimethyladenosine","Adenosine","m2,8A","±","±","nucleoside"
"137","308U","3-(3-amino-3-carboxypropyl)-5,6-dihydrouridine","Uridine","acp3D","Ð","Ð","nucleoside"
"138","309U","3-(3-amino-3-carboxypropyl)pseudouridine","Uridine","acp3Y","Þ","Þ","nucleoside"
"139","34G","wyosine","Guanosine","imG","€","€","nucleoside"
"140","N","any ribonucleoside residue","Adenosine, Cytidine, Guanosine, Uridine","N",".",".","nucleoside"
"141","20C","agmatidine","Cytidine","C+","¿","¿","nucleoside"
"142","027G","N2,7,2'-O-trimethylguanosine","Guanosine","m2,7Gm","æ","æ","nucleoside"
"143","50C","5-hydroxycytidine","Cytidine","ho5C","Ç","Ç","nucleoside"
"144","583U","5-(isopentenylaminomethyl)uridine","Uridine","inm5U","¾","¾","nucleoside"
"145","0583U","5-(isopentenylaminomethyl)-2'-O-methyluridine","Uridine","inm5Um","Ю","¼","nucleoside"
"146","2583U","5-(isopentenylaminomethyl)-2-thiouridine","Uridine","inm5s2U","Ɲ","½","nucleoside"
"147","553N","5' triphosphate end","Adenosine, Uridine, Cytidine, Guanosine","pppN","","ϖ","nucleotide"
"148","9553N","guanosine triphosphate 5' cap (cap G)","Adenosine, Uridine, Cytidine, Guanosine","GpppN","ϑ","ϑ","nucleotide"
"149","455N","5' (3' -dephospho-CoA)","Adenosine, Uridine, Cytidine, Guanosine","CoApN","♠","♠","nucleotide"
"150","4155N","5' (3' -dephosphoacetyl-CoA)","Adenosine, Uridine, Cytidine, Guanosine","acCoApN","♣","♣","nucleotide"
"151","4255N","5' (3' -dephosphomalonyl-CoA)","Adenosine, Uridine, Cytidine, Guanosine","malonyl-CoApN","♥","♥","nucleotide"
"152","4355N","5' (3' -dephosphosuccinyl-CoA)","Adenosine, Uridine, Cytidine, Guanosine","succinyl-CoApN","♦","♦","nucleotide"
"153","552N","5' diphosphate end","Adenosine, Uridine, Cytidine, Guanosine","ppN","","ϒ","nucleotide"
"154","255N","5' nicotinamide adenine dinucleotide","Adenosine, Uridine, Cytidine, Guanosine","NADpN","Ξ","Ξ","nucleotide"
"160","3480G","methylated undermodified hydroxywybutosine","Guanosine","OHyWy","y","y","nucleoside"
"161","551G551N","guanosine added to any ribonucleotide","Adenosine, Cytidine, Guanosine, Uridine","pG(pN)","","","nucleotide"
"162","253U","5-carbamoylmethyl-2-thiouridine","Uridine","ncm5s2U","l","l","nucleoside"
"163","531U","5-carbamoylhydroxymethyluridine","Uridine","nchm5U","r","r","nucleoside"
"164","0522U","5-(carboxyhydroxymethyl)-2'-O-methyluridine methyl ester","Uridine","mchm5Um","b","b","nucleoside"
"165","551N","unknown 5' monophosphate ribonucleotide","Adenosine, Uridine, Cytidine, Guanosine","pN","","m","nucleotide"
"166","21U","2-geranylthiouridine","Uridine","ges2U","Γ","Γ","nucleoside"
"167","2151U","5-carboxymethylaminomethyl-2-geranylthiouridine","Uridine","cmnm5ges2U","f","f","nucleoside"
"168","21511U","5-methylaminomethyl-2-geranylthiouridine","Uridine","mnm5ges2U","h","h","nucleoside"
"169","21510U","5-aminomethyl-2-geranylthiouridine","Uridine","nm5ges2U","Δ","Δ","nucleoside"
"170","2551N","alpha-dimethylmonophosphate 5' cap","Adenosine, Uridine, Cytidine, Guanosine","mmpN","Ѽ","","nucleotide"
"171","1551N","alpha-methylmonophosphate 5' cap","Adenosine, Uridine, Cytidine, Guanosine","mpN","Ѿ","","nucleotide"
"173","550N","5' hydroxyl end","Adenosine, Uridine, Cytidine, Guanosine","5'-OH-N","","","nucleoside"
"174","3377N","2'3'-cyclic phosphate end","Adenosine, Uridine, Cytidine, Guanosine","N2'3'cp","Ғ","","nucleotide"
"175","69A","cyclic N6-threonylcarbamoyladenosine","Adenosine","ct6A","e","e","nucleoside"
"176","68A","N6-hydroxymethyladenosine","Adenosine","hm6A","Ϫ","Ϫ","nucleoside"
"177","67A","N6-formyladenosine","Adenosine","f6A","Ϩ","Ϩ","nucleoside"
"178","55U","5-cyanomethyluridine","Uridine","cnm5U","Ѷ","Ѷ","nucleoside"
"179","0503U","2'-O-methyluridine 5-oxyacetic acid methyl ester","Uridine","mcmo5Um","Ͽ","Ͽ","nucleoside"
"180","2164A","2-methylthio cyclic N6-threonylcarbamoyladenosine","Adenosine","ms2ct6A","ÿ","ÿ","nucleoside"
"181","2165A","hydroxy-N6-threonylcarbamoyladenosine","Adenosine","ht6A","«","«","nucleoside"
"182","21161A","2- methylthiomethylenethio-N6-isopentenyl-adenosine","Adenosine","msms2i6A","£","£","nucleoside"
"183","051C","2'-O-methyl-5-hydroxymethylcytidine","Cytidine","hm5Cm","¡","¡","nucleoside"
"185","9551U","pseudouridine-5'-monophosphate","Uridine","pY","P","P","nucleotide"
"186","5551C","5-methylcytidine-5'-monophosphate","Cytidine","pm5C","?","?","nucleotide"
"187","2551U","1-(beta-D-ribofuranosyl)-2-thio-uracil-5'-phosphate","Uridine","ps2U","2","2","nucleotide"
"190","8551U","5,6-dihydrouridine-5'-monophosphate","Uridine","pD","D","D","nucleotide"
"191","2551G","2N-methylguanosine-5'-monophosphate","Guanosine","pm2G","L","L","nucleotide"
"192","66551A","6N-dimethyladenosine-5'-monophosphate","Adenosine","pm6,6A","ζ","","nucleotide"
"193","0551G","O2'-methylguanosine-5'-monophosphate","Guanosine","pGm","#","#","nucleotide"
"194","5551U","5-methyluridine-5'-monophosphate","Uridine","pm5U","T","T","nucleotide"
"198","22551G","N2-dimethylguanosine-5'-monophosphate","Guanosine","pm2,2G","R","R","nucleotide"
"199","3551U","3-methyluridine-5'-monophosphate","Uridine","pm3U","δ","","nucleotide"
"200","42551C","N(4)-acetylcytidine-5'-monophosphate","Cytidine","pac4C","M","M","nucleotide"
"201","0551C","O2'-methylcytidine-5'-monophosphate","Cytidine","pCm","B","B","nucleotide"
"202","553G","guanosine-5'-triphosphate","Guanosine","pppG","Ȝ","","nucleotide"
"203","7551G","7N-methyl-8-hydroguanosine-5'-monophosphate","Guanosine","pm7G","7","7","nucleotide"
"204","1551A","N(1)-methyladenosine 5'-monophosphate","Adenosine","pm1A","Ѣ","""","nucleotide"
"205","0551U","O2'-methyluridine 5'-monophosphate","Uridine","pUm","J","J","nucleotide"
"207","0551A","2'-O-methyladenosine 5'-(dihydrogen phosphate)","Adenosine","pAm","ʍ",":","nucleotide"
"208","04551C","4N,O2'-methylcytidine-5'-monophosphate","Cytidine","pm4Cm","λ","Λ","nucleotide"
"209","3377C","cytidine-5'-phosphate-2',3'-cyclic phosphate","Cytidine","pC2'3'cp","Ҏ","","nucleotide"
"211","6551A","N6-methyladenosine-5'-monophosphate","Adenosine","pm6A","Ж","=","nucleotide"
"213","3483551G","wybutosine-5'-monophosphate","Guanosine","pyW","Y","Y","nucleotide"
"214","1551G","1N-methylguanosine-5'-monophosphate","Guanosine","pm1G","K","K","nucleotide"
"215","3377A","adenosine-5'-phosphate-2',3'-cyclic phosphate","Adenosine","pA2'3'cp","Ҕ","","nucleotide"
"216","74551U","4-thiouridine-5'-monophosphate","Uridine","ps4U","4","4","nucleotide"
"217","9551A","inosine-5'-monophosphate","Adenosine","pI","I","I","nucleotide"
"218","552G","guanosine-5'-diphosphate","Guanosine","ppG","","","nucleotide"
"219","2551A","2-methyladenosine-5'-monophosphate","Adenosine","pm2A","ɿ","/","nucleotide"
"223","2521551U","5-(O-methylaceto)-2-thio-2-deoxy-uridine-5'-monophosphate","Uridine","pmcm5s2U","3","3","nucleotide"
"230","20551U","1-(5-O-phosphono-beta-D-ribofuranosyl)-2-selanylpyrimidin-4(1H)-one","Uridine","pse2U","ω","","nucleotide"
"231","62551A","N6-threonylcarbamoyladenosine-5'-monophosphate","Adenosine","pt6A","6","6","nucleotide"
"232","71551C","5-formylcytidine 5'-(dihydrogen phosphate)","Cytidine","pf5C",">",">","nucleotide"
"233","553A","adenosine-5'-triphosphate","Adenosine","pppA","ƿ","","nucleotide"
"235","551G","guanosine-5'-monophosphate","Guanosine","pG","","G","nucleotide"
"238","3377G","guanoside-5'-phosphate-2',3'-cyclic phosphate","Guanosine","pG2'3'cp","Ґ","","nucleotide"
"240","2161551A","2-methylthio-N6-isopentenyl-adenosine-5'-monophosphate","Adenosine","pms2i6A","*","*","nucleotide"
"241","502551U","5-(carboxymethoxy) uridine-5'-monophosphate","Uridine","pcmo5U","V","V","nucleotide"
"244","34831551G","wybutosine[C15(S)]-5'-monophosphate","Guanosine","pyyW","ϓ","","nucleotide"
"250","44551C","[(2~{R},3~{S},4~{R},5~{R})-5-[4-(dimethylamino)-2-oxidanylidene-pyrimidin-1-yl]-3,4-bis(oxidanyl)oxolan-2-yl]methyl dihydrogen phosphate","Cytidine","pm4,4C","μ","","nucleotide"
"253","61551A","N6-isopentenyl-adenosine-5'-monophosphate","Adenosine","pi6A","Ч","+","nucleotide"
"254","51551C","5-(hydroxymethyl)cytidine 5'-(dihydrogen phosphate)","Cytidine","phm5C","∅","","nucleotide"
"255","551U","uridine-5'-monophosphate","Uridine","pU","","U","nucleotide"
"256","00551A","2'-O-[(5'-phospho)ribosyl]adenosine-5'-monophosphate","Adenosine","pAr(p)","ʩ","^","nucleotide"
"257","042551C","[(2~{R},3~{R},4~{R},5~{R})-5-(4-acetamido-2-oxidanylidene-pyrimidin-1-yl)-4-methoxy-3-oxidanyl-oxolan-2-yl]methyl dihydrogen phosphate","Cytidine","pac4Cm","ℵ","ℵ","nucleotide"
"259","33551G","guanosine-3',5'-diphosphate","Guanosine","pGp","","","nucleotide"
"268","3377551U","uridine-5'-monophosphate-2',3'-cyclic phosphate","Uridine","pU2'3'cp","Ҋ","","nucleotide"
"281","4551C","4-methyl, cytidine-5'-monophosphate","Cytidine","pm4C","ν","","nucleotide"
"296","05551U","2',5-dimethyluridine-5'-monophosphate","Uridine","pm5Um","Ħ","\","nucleotide"
"297","511551U","(2R,4S)-1-[(4R)-3,4-dihydroxytetrahydrofuran-2-YL]-5-[(methylamino)methyl]-1,2,3,4-tetrahydropyrimidine-2,4-diol-5'-monophosphate","Uridine","pmnm5U","{","{","nucleotide"
"299","3551C","3-Methylcytidine- 5'-monophosphate","Cytidine","pm3C","Щ","'","nucleotide"
"300","551C","cytidine-5'-monophosphate","Cytidine","pC","","C","nucleotide"
"302","662551A","N6-methyl-N6-threonylcarbamoyladenosine-5'-monophosphate","Adenosine","pm6t6A","E","E","nucleotide"
"310","33551A","adenosine-3',5'-diphosphate","Adenosine","pAp","","","nucleotide"
"317","552A","adenosine-5'-diphosphate","Adenosine","ppA","","か","nucleotide"
"333","4553N","adenosine triphosphate 5' cap (cap A)","Adenosine, Cytidine, Guanosine, Uridine","ApppN","Ϩ","","nucleotide"
"334","4554N","adenosine tetraphosphate 5' cap (cap Ap4N)","Adenosine, Cytidine, Guanosine, Uridine","AppppN","Ĳ","","nucleotide"
"335","4555N","adenosine pentaphosphate 5' cap (cap Ap5N)","Adenosine, Cytidine, Guanosine, Uridine","ApppppN","Ϭ","","nucleotide"
"336","64553N","N6-methyl-adenosine triphosphate 5' cap (cap A)","Adenosine, Cytidine, Guanosine, Uridine","m6ApppN","Ϯ","","nucleotide"
"337","64554N","N6-methyl-adenosine tetraphosphate 5' cap (cap Ap4N)","Adenosine, Cytidine, Guanosine, Uridine","m6AppppN","Ϙ","","nucleotide"
"338","64555N","N6-methyl-adenosine pentaphosphate 5' cap (cap Ap5N)","Adenosine, Cytidine, Guanosine, Uridine","m6ApppppN","Ϛ","","nucleotide"
"339","79554N","N7-methyl-guanosine  tetraphosphate 5' cap (cap m7Gp4N)","Adenosine, Cytidine, Guanosine, Uridine","m7GppppN","Ϟ","","nucleotide"
"340","01551A","1,2'-O-dimethyladenosine-5'-monophosphate","Adenosine","pm1Am","œ","","nucleotide"
"341","01551G","1,2'-O-dimethylguanosine-5'-monophosphate","Guanosine","pm1Gm","ε","ε","nucleotide"
"342","019551A","1,2'-O-dimethylinosine-5'-monophosphate","Adenosine","pm1Im","ξ","ξ","nucleotide"
"343","1309551U","1-methyl-3-(3-amino-3-carboxypropyl)pseudouridine-5'-monophosphate","Uridine","pm1acp3Y","α","α","nucleotide"
"344","19551A","1-methylinosine-5'-monophosphate","Adenosine","pm1I","O","O","nucleotide"
"345","19551U","1-methylpseudouridine-5'-monophosphate","Uridine","pm1Y","]","]","nucleotide"
"346","21551C","2-lysidine-5'-monophosphate","Cytidine","pk2C","}","}","nucleotide"
"347","2551C","2-thiocytidine-5'-monophosphate","Cytidine","ps2C","ʤ","%","nucleotide"
"348","1309551U","3-(3-amino-3-carboxypropyl)pseudouridine-5'-monophosphate","Uridine","pacp3Y","Þ","","nucleotide"
"349","39551U","3-methylpseudouridine-5'-monophosphate","Uridine","pm3Y","Ƒ","Κ","nucleotide"
"350","05551C","5,2'-O-dimethylcytidine-5'-monophosphate","Cytidine","pm5Cm","τ","","nucleotide"
"351","522551U","5-(carboxyhydroxymethyl)uridine methyl ester-5'-monophosphate","Uridine","pmchm5U","ɮ",",","nucleotide"
"352","0583551U","5-(isopentenylaminomethyl)-2'-O-methyluridine-5'-monophosphate","Uridine","pinm5Um","Ю","¼","nucleotide"
"353","2583551U","5-(isopentenylaminomethyl)-2-thiouridine-5'-monophosphate","Uridine","pinm5s2U","Ɲ","","nucleotide"
"354","583551U","5-(isopentenylaminomethyl)uridine-5'-monophosphate","Uridine","pinm5U","¾","","nucleotide"
"355","510551U","5-aminomethyluridine-5'-monophosphate","Uridine","pnm5U","∪","∪","nucleotide"
"356","53551U","5-carbamoylmethyluridine-5'-monophosphate","Uridine","pncm5U","&","&","nucleotide"
"357","520551U","5-carboxyhydroxymethyluridine-5'-monophosphate","Uridine","pchm5U","≥","≥","nucleotide"
"358","51551U","5-carboxymethylaminomethyluridine-5'-monophosphate","Uridine","pcmnm5U","!","!","nucleotide"
"359","52551U","5-carboxymethyluridine-5'-monophosphate","Uridine","pcm5U","◊","◊","nucleotide"
"360","50551U","5-hydroxyuridine-5'-monophosphate","Uridine","pho5U","∝","","nucleotide"
"361","0521551U","5-methoxycarbonylmethyl-2'-O-methyluridine-5'-monophosphate","Uridine","pmcm5Um","∩","∩","nucleotide"
"362","521551U","5-methoxycarbonylmethyluridine-5'-monophosphate","Uridine","pmcm5U","1","1","nucleotide"
"363","501551U","5-methoxyuridine-5'-monophosphate","Uridine","pmo5U","5","5","nucleotide"
"364","58551U","5-methyldihydrouridine-5'-monophosphate","Uridine","pm5D","ρ","","nucleotide"
"365","342551G","methylwyosine-5'-monophosphate","Guanosine","pmimG","∑","","nucleotide"
"366","051551C","2'-O-methyl-5-hydroxymethylcytidine-5'-monophosphate","Cytidine","phm5Cm","¡","","nucleotide"
"367","09551A","2'-O-methylinosine-5'-monophosphate","Adenosine","pIm","Ш","","nucleotide"
"368","09551U","2'-O-methylpseudouridine-5'-monophosphate","Uridine","pYm","Z","Z","nucleotide"
"369","0503551U","2'-O-methyluridine 5-oxyacetic acid methyl ester-5'-monophosphate","Uridine","pmcmo5Um","Ͽ","","nucleotide"
"370","00551G","2'-O-ribosylguanosine (phosphate)-5'-monophosphate","Guanosine","pGr(p)","ℑ","ℑ","nucleotide"
"371","28551A","2,8-dimethyladenosine-5'-monophosphate","Adenosine","pm2,8A","±","","nucleotide"
"372","21161551A","2- methylthiomethylenethio-N6-isopentenyl-adenosine-5'-monophosphate","Adenosine","pmsms2i6A","£","","nucleotide"
"373","21551U","2-geranylthiouridine-5'-monophosphate","Uridine","pges2U","Γ","","nucleotide"
"374","2164551A","2-methylthio cyclic N6-threonylcarbamoyladenosine-5'-monophosphate","Adenosine","pms2ct6A","ÿ","","nucleotide"
"375","2160551A","2-methylthio-N6-(cis-hydroxyisopentenyl) adenosine-5'-monophosphate","Adenosine","pms2io6A","≠","≠","nucleotide"
"376","2163551A","2-methylthio-N6-hydroxynorvalylcarbamoyladenosine-5'-monophosphate","Adenosine","pms2hn6A","≈","","nucleotide"
"377","621551A","2-methylthio-N6-methyladenosine-5'-monophosphate","Adenosine","pms2m6A","∞","","nucleotide"
"378","2162551A","2-methylthio-N6-threonylcarbamoyladenosine-5'-monophosphate","Adenosine","pms2t6A","[","[","nucleotide"
"379","02551U","2-thio-2'-O-methyluridine-5'-monophosphate","Uridine","ps2Um","∏","∏","nucleotide"
"380","03551U","3,2'-O-dimethyluridine-5'-monophosphate","Uridine","pm3Um","σ","","nucleotide"
"381","308551U","3-(3-amino-3-carboxypropyl)-5,6-dihydrouridine-5'-monophosphate","Uridine","pacp3D","Ð","","nucleotide"
"382","30551U","3-(3-amino-3-carboxypropyl)uridine-5'-monophosphate","Uridine","pacp3U","X","","nucleotide"
"383","4551G","4-demethylwyosine-5'-monophosphate","Guanosine","pimG-14","†","","nucleotide"
"384","0522551U","5-(carboxyhydroxymethyl)-2'-O-methyluridine methyl ester-5'-monophosphate","Uridine","pmchm5Um","b","","nucleotide"
"385","21510551U","5-aminomethyl-2-geranylthiouridine-5'-monophosphate","Uridine","pnm5ges2U","Δ","Δ","nucleotide"
"386","20510551U","5-aminomethyl-2-selenouridine-5'-monophosphate","Uridine","pnm5se2U","π","π","nucleotide"
"387","2510551U","5-aminomethyl-2-thiouridine-5'-monophosphate","Uridine","pnm5s2U","∫","∫","nucleotide"
"388","531551U","5-carbamoylhydroxymethyluridine-5'-monophosphate","Uridine","pnchm5U","r","","nucleotide"
"389","053551U","5-carbamoylmethyl-2'-O-methyluridine-5'-monophosphate","Uridine","pncm5Um","~","","nucleotide"
"390","253551U","5-carbamoylmethyl-2-thiouridine-5'-monophosphate","Uridine","pncm5s2U","l","l","nucleotide"
"391","2540551U","5-carboxymethyl-2-thiouridine-5'-monophosphate","Uridine","pcm5s2U","℘","℘","nucleotide"
"392","051551U","5-carboxymethylaminomethyl-2'-O-methyluridine-5'-monophosphate","Uridine","pcmnm5Um",")",")","nucleotide"
"393","2151551U","5-carboxymethylaminomethyl-2-geranylthiouridine-5'-monophosphate","Uridine","pcmnm5ges2U","f","f","nucleotide"
"394","2051551U","5-carboxymethylaminomethyl-2-selenouridine-5'-monophosphate","Uridine","pcmnm5se2U","⊥","⊥","nucleotide"
"395","251551U","5-carboxymethylaminomethyl-2-thiouridine-5'-monophosphate","Uridine","pcmnm5s2U","$","$","nucleotide"
"396","55551U","5-cyanomethyluridine-5'-monophosphate","Uridine","pcnm5U","Ѷ","Ѷ","nucleotide"
"397","071551C","5-formyl-2'-O-methylcytidine-5'-monophosphate","Cytidine","pf5Cm","°","°","nucleotide"
"398","50551C","5-hydroxycytidine-5'-monophosphate","Cytidine","pho5C","Ç","Ç","nucleotide"
"399","25551U","5-methyl-2-thiouridine-5'-monophosphate","Uridine","pm5s2U","F","F","nucleotide"
"400","21511551U","5-methylaminomethyl-2-geranylthiouridine-5'-monophosphate","Uridine","pmnm5ges2U","h","","nucleotide"
"401","20511551U","5-methylaminomethyl-2-selenouridine-5'-monophosphate","Uridine","pmnm5se2U","≅","","nucleotide"
"402","2511551U","5-methylaminomethyl-2-thiouridine-5'-monophosphate","Uridine","pmnm5s2U","S","S","nucleotide"
"403","254551U","5-taurinomethyl-2-thiouridine-5'-monophosphate","Uridine","ptm5s2U","ƕ","∃","nucleotide"
"404","54551U","5-taurinomethyluridine-5'-monophosphate","Uridine","ptm5U","ʭ","Ê","nucleotide"
"405","47551G","7-aminocarboxypropyl-demethylwyosine-5'-monophosphate","Guanosine","pyW-86","¥","","nucleotide"
"406","347551G","7-aminocarboxypropylwyosine-5'-monophosphate","Guanosine","pyW-72","Ω","","nucleotide"
"407","348551G","7-aminocarboxypropylwyosine methyl ester-5'-monophosphate","Guanosine","pyW-58","⇑","","nucleotide"
"408","101551G","7-aminomethyl-7-deazaguanosine-5'-monophosphate","Guanosine","ppreQ1","∉","","nucleotide"
"409","100551G","7-cyano-7-deazaguanosine-5'-monophosphate","Guanosine","ppreQ0","φ","","nucleotide"
"410","8551A","8-methyladenosine-5'-monophosphate","Adenosine","pm8A","â","","nucleotide"
"411","20551C","agmatidine-5'-monophosphate","Cytidine","pC+","¿","","nucleotide"
"412","103551G","archaeosine-5'-monophosphate","Guanosine","pG+","(","(","nucleotide"
"413","69551A","cyclic N6-threonylcarbamoyladenosine-5'-monophosphate","Adenosine","pct6A","e","","nucleotide"
"414","102551G","epoxyqueuosine-5'-monophosphate","Guanosine","poQ","ς","","nucleotide"
"415","104551G","galactosyl-queuosine-5'-monophosphate","Guanosine","pgalQ","9","9","nucleotide"
"416","105551G","glutamyl-queuosine-5'-monophosphate","Guanosine","pgluQ","⊄","⊄","nucleotide"
"417","2165551A","hydroxy-N6-threonylcarbamoyladenosine-5'-monophosphate","Adenosine","pht6A","«","","nucleotide"
"418","34830551G","hydroxywybutosine-5'-monophosphate","Guanosine","pOHyW","⊆","","nucleotide"
"419","42551G","isowyosine-5'-monophosphate","Guanosine","pimG2","⊇","","nucleotide"
"420","106551G","mannosyl-queuosine-5'-monophosphate","Guanosine","pmanQ","8","8","nucleotide"
"421","3480551G","methylated undermodified hydroxywybutosine-5'-monophosphate","Guanosine","pOHyWy","y","","nucleotide"
"422","34832551G","peroxywybutosine-5'-monophosphate","Queuosine (QtRNA)","po2yW","W","Ŵ","nucleotide"
"423","10551G","queuosine-5'-monophospate","Guanosine","pQ","Q","Q","nucleotide"
"424","3470551G","undermodified hydroxywybutosine-5'-monophospate","Guanosine","pOHyWx","š","","nucleotide"
"425","503551U","uridine 5-oxyacetic acid methyl ester-5'-monophospate","Uridine","pmcmo5U","υ","","nucleotide"
"426","34551G","wyosine-5'-monophospate","Guanosine","pimG","€","","nucleotide"
"427","044551C","N4,N4,2'-O-trimethylcytidine-5'-monophospate","Cytidine","pm4,4Cm","β","","nucleotide"
"428","02551G","N2,2'-O-dimethylguanosine-5'-monophospate","Guanosine","pm2Gm","γ","","nucleotide"
"429","022551G","N2,N2,2'-O-trimethylguanosine-5'-monophospate","Guanosine","pm2,2Gm","|","|","nucleotide"
"430","06551A","N6,2'-O-dimethyladenosine-5'-monophospate","Adenosine","pm6Am","χ","χ","nucleotide"
"431","066551A","N6,N6,2'-O-trimethyladenosine-5'-monophospate","Adenosine","pm6,6Am","η","","nucleotide"
"432","60551A","N6-(cis-hydroxyisopentenyl)adenosine-5'-monophospate","Adenosine","pio6A","Ỽ","`","nucleotide"
"433","64551A","N6-acetyladenosine-5'-monophospate","Adenosine","pac6A","⇓","","nucleotide"
"434","67551A","N6-formyladenosine-5'-monophospate","Adenosine","pf6A","Ϩ","","nucleotide"
"435","65551A","N6-glycinylcarbamoyladenosine-5'-monophosphate","Adenosine","pg6A","≡","","nucleotide"
"436","68551A","N6-hydroxymethyladenosine-5'-monophosphate","Adenosine","phm6A","Ϫ","","nucleotide"
"437","63551A","N6-hydroxynorvalylcarbamoyladenosine-5'-monophosphate","Adenosine","phn6A","√","","nucleotide"
"440","27551G","N2,7-dimethylguanosine-5'-monophosphate","Guanosine","pm2,7G","æ","","nucleotide"
"441","227551G","N2,N2,7-trimethylguanosine-5'-monophosphate","Guanosine","pm2,2,7G","∠","","nucleotide"
"442","027551G","N2,7,2'-O-trimethylguanosine-5'-monophosphate","Guanosine","pm2,7Gm","∨","","nucleotide"
"444","551A","adenosine-5'-monophosphate","Adenosine","pA","","A","nucleotide"